03a31e84b194d6c8a2eab5d70ba67acf,881f83d2dee3f18c7d1751659406144e,-3
03a31e84b194d6c8a2eab5d70ba67acf,27ea17a8685c4919f157e83fe9cb2d9e,0
03a31e84b194d6c8a2eab5d70ba67acf,57bbd7e30bc694aeee9ee40c583e6811,-7
03a31e84b194d6c8a2eab5d70ba67acf,cec898a1d355dbfbad8c760615fde1af,0
03a31e84b194d6c8a2eab5d70ba67acf,33963fe856a1523ff46438ba07d1d99f,7
03a31e84b194d6c8a2eab5d70ba67acf,a99f44bbff39e352191a870e17f04537,20
03a31e84b194d6c8a2eab5d70ba67acf,c00264c3114d23bac482e9de50fb7d28,-4
03a31e84b194d6c8a2eab5d70ba67acf,89706b99ddd00dc05d37ef5cafc04276,11
03a31e84b194d6c8a2eab5d70ba67acf,2b313e2bcef0268bc8e9415132ba9997,-11
03a31e84b194d6c8a2eab5d70ba67acf,307beab25b1021a548b4a47550bc4b25,3
03a31e84b194d6c8a2eab5d70ba67acf,d6bc5eb6ed54c734628cb4d237f99031,1
03a31e84b194d6c8a2eab5d70ba67acf,1362d9ad805e7cc4ea3a9467c91142d6,-3
03a31e84b194d6c8a2eab5d70ba67acf,b2fada91a0c8a0f400623c425286ae2e,4
03a31e84b194d6c8a2eab5d70ba67acf,603daefb2fa321f3abab289805fdcc25,-7
03a31e84b194d6c8a2eab5d70ba67acf,60b5f9f68ccbbf7ba3fa13a2189e2775,-2
03a31e84b194d6c8a2eab5d70ba67acf,c1fe6ed491d04e3cdf50755dff23b263,1
03a31e84b194d6c8a2eab5d70ba67acf,8bb18fb1d0cc10c985afa823ecec6d18,-1
03a31e84b194d6c8a2eab5d70ba67acf,2d9594e4d250679e7a3383ad5ccd2f44,0
03a31e84b194d6c8a2eab5d70ba67acf,314c71574689f752c17b83cd6a4d770e,-9
06bb1d31c63891e2580ff12e4e6505b4,71cd93e320cd2da78733d23dae3274a0,-3
06bb1d31c63891e2580ff12e4e6505b4,2b8bdfc64f41d1adefabcf7e0667a618,2
06bb1d31c63891e2580ff12e4e6505b4,e2d5a38e5f826708c89f2f728eade916,-8
06bb1d31c63891e2580ff12e4e6505b4,8bea2707e7bf04c8a3d8188b87d92c0e,-13
06bb1d31c63891e2580ff12e4e6505b4,17651fd844ca9177694e0fe8e13ade03,5
06bb1d31c63891e2580ff12e4e6505b4,387d067091bd3a9264576ddb74759f5f,13
06bb1d31c63891e2580ff12e4e6505b4,5fe2b12999c5b4a17dba17cb76b0cfbc,13
06bb1d31c63891e2580ff12e4e6505b4,952cb62f00fbb58407f3a7cd89c3a7bf,-9
06bb1d31c63891e2580ff12e4e6505b4,1376b4800e5b2d50ce35a57827eadcfc,-12
06bb1d31c63891e2580ff12e4e6505b4,f5f1164263044fc2ee91242daa221045,9
06bb1d31c63891e2580ff12e4e6505b4,e688b1a601a44fb2ac79c58bf6c89e8b,8
06bb1d31c63891e2580ff12e4e6505b4,7438349cba4a3154e331f38cfbb2dd5e,-5
06bb1d31c63891e2580ff12e4e6505b4,e6d3fc584789b9b914791ec969a8d5a4,11
06bb1d31c63891e2580ff12e4e6505b4,43a74f78a8e39c7fb0ad193fb24f52ba,5
06bb1d31c63891e2580ff12e4e6505b4,257b19b06545dcb0a4eb3a01d7952eed,9
06bb1d31c63891e2580ff12e4e6505b4,6b08fc64c8d282c36e800d28eb278027,-11
06bb1d31c63891e2580ff12e4e6505b4,b248b1d9caa41a3562d67584c1a0b399,-8
06bb1d31c63891e2580ff12e4e6505b4,84a4a3c70c57b7d570baca43b5423ba3,0
06bb1d31c63891e2580ff12e4e6505b4,1e76e7a4a5b6d17e67172710d86b6b51,-2
06bb1d31c63891e2580ff12e4e6505b4,81e57235a0f7d2ad49e275ae41070094,-2
06bb1d31c63891e2580ff12e4e6505b4,d1af6080bd4b6a794ba3595dab2b1fb8,-2
07e76f7482773e81e2351d1692e9e5bb,394e78a51b6d2fd3c046f11f49fcab57,3
07e76f7482773e81e2351d1692e9e5bb,1a8dfc8c85278dd28ed7985e40fc6018,-3
07e76f7482773e81e2351d1692e9e5bb,d8e4f0fd2e836518e681c99a3f9e4411,-4
07e76f7482773e81e2351d1692e9e5bb,adcd53acc9f5585db4c510745b2bac89,-3
07e76f7482773e81e2351d1692e9e5bb,9d4117dd37b6a8592a711ef940b82de4,1
07e76f7482773e81e2351d1692e9e5bb,58f273dbbf002f0ec411fc247e07dd0a,-12
07e76f7482773e81e2351d1692e9e5bb,9f0ee42268a2542d7fd028fe79184286,-1
07e76f7482773e81e2351d1692e9e5bb,1cd0599b37f77c2be76a2c6df23d1ba8,3
07e76f7482773e81e2351d1692e9e5bb,1a48480fc3370082483f158f10948bba,-8
07e76f7482773e81e2351d1692e9e5bb,646b0273682c1592a938bbfb21332ded,0
07e76f7482773e81e2351d1692e9e5bb,eaa6c5d9e964e04fa05b4db476fb46f0,2
07e76f7482773e81e2351d1692e9e5bb,1c73194e0fa711701298e4a27b046bab,2
07e76f7482773e81e2351d1692e9e5bb,b098111d3935607a714ddc7d4b057a1b,-6
07e76f7482773e81e2351d1692e9e5bb,28ce9a11a56397b259299fdd9710dab5,-6
07e76f7482773e81e2351d1692e9e5bb,762b12c3cb57fad4b882040b3293fa31,13
07e76f7482773e81e2351d1692e9e5bb,3056d865481cd5919672eb92e1f8b53f,5
07e76f7482773e81e2351d1692e9e5bb,85b8db431f11d51d5def87fc58229be4,8
07e76f7482773e81e2351d1692e9e5bb,1532445b96ca1edd411bfae064b189bb,9
07e76f7482773e81e2351d1692e9e5bb,f285f13f0c036a88bd85535e47e88aef,-3
0868dee930f69a54541d4ae88b841a37,336ec76a9accfb5359ea7e69f2610947,2
0868dee930f69a54541d4ae88b841a37,f2e41e7ce25aff54b85ee5ab66f69187,-6
0868dee930f69a54541d4ae88b841a37,867712e1cdfd8b15d083f3be2af4bc0f,0
0868dee930f69a54541d4ae88b841a37,5f2d1b7a31eb9117654c9d056093bfa5,8
0868dee930f69a54541d4ae88b841a37,bc77b0f38cb51b2cfe8552000e585cbf,9
0868dee930f69a54541d4ae88b841a37,4596ed9dd04a94f6ad5e60ebda302350,5
0868dee930f69a54541d4ae88b841a37,64434221db9ba319f8d13632f1c2ad32,-4
0868dee930f69a54541d4ae88b841a37,c2502dbdbdc5273bac8daa884e3ff63a,-8
0868dee930f69a54541d4ae88b841a37,1b335cd14d37addc486b357c3b58db27,-4
0868dee930f69a54541d4ae88b841a37,67f4ecb2bff373b7f14f59bdf87b47c6,-4
0868dee930f69a54541d4ae88b841a37,9075d598a348b290d9c426e41662e593,3
0868dee930f69a54541d4ae88b841a37,9fa70948d1ad86af009ffad239f8a464,-6
0868dee930f69a54541d4ae88b841a37,3a7ac3ab38d3261d8c162d52a7f4e644,14
0868dee930f69a54541d4ae88b841a37,963242c7a25ba9a70b245f482e960e75,6
0868dee930f69a54541d4ae88b841a37,36f020989d86eefe270ab346e6f80e4e,2
0868dee930f69a54541d4ae88b841a37,b2ba11f9de4921e8eee910b7c9d5404f,-9
0868dee930f69a54541d4ae88b841a37,050e16220dddff68fc37eca695cee3b4,8
0868dee930f69a54541d4ae88b841a37,508d962863dc09f49884cdd9a53d804a,-6
0868dee930f69a54541d4ae88b841a37,007b0de63548bac45dfacc0870a4a537,-6
0868dee930f69a54541d4ae88b841a37,404f3be24b921150227c13f766e084cf,-2
0868dee930f69a54541d4ae88b841a37,2faa88bc657b3dbf4aeeb2f3eb7a1e23,-2
09d46e3d7a8253b7209100650b5afaeb,45e7a758a91a254ff04756562e740f2d,7
09d46e3d7a8253b7209100650b5afaeb,336ec76a9accfb5359ea7e69f2610947,8
09d46e3d7a8253b7209100650b5afaeb,d38e656ac7e867b6f28064fcf8d8fcaf,-9
09d46e3d7a8253b7209100650b5afaeb,00654b6c2e1d8c24d06464620db7a262,9
09d46e3d7a8253b7209100650b5afaeb,c4072556336827a70c8a0298bc658b5b,13
09d46e3d7a8253b7209100650b5afaeb,5f2d1b7a31eb9117654c9d056093bfa5,5
09d46e3d7a8253b7209100650b5afaeb,bc77b0f38cb51b2cfe8552000e585cbf,-2
09d46e3d7a8253b7209100650b5afaeb,4596ed9dd04a94f6ad5e60ebda302350,-13
09d46e3d7a8253b7209100650b5afaeb,1278107e4a5c3735de706159c381fd82,-2
09d46e3d7a8253b7209100650b5afaeb,8c95d54ad5593f5c4fc5015dcded3b55,-12
09d46e3d7a8253b7209100650b5afaeb,be9b1397bcb9fb9104edd23670988cda,-10
09d46e3d7a8253b7209100650b5afaeb,867712e1cdfd8b15d083f3be2af4bc0f,2
09d46e3d7a8253b7209100650b5afaeb,021dabc5d7a1404ec8ad34fe8ca4b5e3,16
09d46e3d7a8253b7209100650b5afaeb,050e16220dddff68fc37eca695cee3b4,0
09d46e3d7a8253b7209100650b5afaeb,36f020989d86eefe270ab346e6f80e4e,2
09d46e3d7a8253b7209100650b5afaeb,3a7ac3ab38d3261d8c162d52a7f4e644,-10
09d46e3d7a8253b7209100650b5afaeb,4f4e47023263931e1445dc97f7dae941,-11
09d46e3d7a8253b7209100650b5afaeb,315f46f7a5e1de7ef9b4c2430ce64e2d,-10
09d46e3d7a8253b7209100650b5afaeb,7afc3cf0c2557f13e927da9ab03725dc,13
09d46e3d7a8253b7209100650b5afaeb,5779f715384a05dc9cea4ddf21ab564c,4
09d46e3d7a8253b7209100650b5afaeb,963242c7a25ba9a70b245f482e960e75,0
13ced855d491384876c6ab807bd1d3db,4d371dbb9d07b0a451e6a253244d3079,8
13ced855d491384876c6ab807bd1d3db,45e7a758a91a254ff04756562e740f2d,-9
13ced855d491384876c6ab807bd1d3db,501e22e48df13d5a5b2b85a08c6d2ca9,16
13ced855d491384876c6ab807bd1d3db,00654b6c2e1d8c24d06464620db7a262,-8
13ced855d491384876c6ab807bd1d3db,c4072556336827a70c8a0298bc658b5b,-15
13ced855d491384876c6ab807bd1d3db,6284f9ad059fd7910f24ab69df891760,22
13ced855d491384876c6ab807bd1d3db,6f63b8522b79b45c4b88cf0129161f01,-7
13ced855d491384876c6ab807bd1d3db,3f67235a5607746cc215eee5dd447a5e,-5
13ced855d491384876c6ab807bd1d3db,d74c692dc5f817e5d6598338b24e1035,-4
13ced855d491384876c6ab807bd1d3db,8c95d54ad5593f5c4fc5015dcded3b55,1
13ced855d491384876c6ab807bd1d3db,770d24797fbad8f1bddd585ef8297e2b,0
13ced855d491384876c6ab807bd1d3db,f79a2b5e6190ac3c534645e806f1b611,10
13ced855d491384876c6ab807bd1d3db,021dabc5d7a1404ec8ad34fe8ca4b5e3,-17
13ced855d491384876c6ab807bd1d3db,fa59d02355adde510fbf3dd7a0b0930d,-3
13ced855d491384876c6ab807bd1d3db,cc6c4b67ac08f33590e75e9474122fc4,9
13ced855d491384876c6ab807bd1d3db,79af15b6a2238e81cd52b99490ed2709,13
13ced855d491384876c6ab807bd1d3db,93130c3cfa0d9d9a7635a085c3be99a1,5
13ced855d491384876c6ab807bd1d3db,be9b1397bcb9fb9104edd23670988cda,8
13ced855d491384876c6ab807bd1d3db,7afc3cf0c2557f13e927da9ab03725dc,2
13ced855d491384876c6ab807bd1d3db,66c69301f757e48e6b780927b5a55e11,-15
13ced855d491384876c6ab807bd1d3db,3cc886aecaeb231f093c5bdded29d2dd,-11
13ced855d491384876c6ab807bd1d3db,4f4e47023263931e1445dc97f7dae941,0
15d76177caa6022156e83774c2e054d3,cc7946cd2fd5f9d5c15247fbdddce8f3,-8
15d76177caa6022156e83774c2e054d3,1532445b96ca1edd411bfae064b189bb,3
15d76177caa6022156e83774c2e054d3,74f677b5efa87503eead993dfa30ca27,7
15d76177caa6022156e83774c2e054d3,03de9006db92bdee3030980760dcbcf5,9
15d76177caa6022156e83774c2e054d3,394e78a51b6d2fd3c046f11f49fcab57,-7
15d76177caa6022156e83774c2e054d3,1a8dfc8c85278dd28ed7985e40fc6018,-7
15d76177caa6022156e83774c2e054d3,d8e4f0fd2e836518e681c99a3f9e4411,-1
15d76177caa6022156e83774c2e054d3,98657a73f988f7c0824a16fd368bfa62,-17
15d76177caa6022156e83774c2e054d3,ca8e2e9b58c57efe6c919dcbb53ee86c,2
15d76177caa6022156e83774c2e054d3,646b0273682c1592a938bbfb21332ded,1
15d76177caa6022156e83774c2e054d3,d5701055e262ef5bd9f3fa6e11014327,7
15d76177caa6022156e83774c2e054d3,762b12c3cb57fad4b882040b3293fa31,2
15d76177caa6022156e83774c2e054d3,1c73194e0fa711701298e4a27b046bab,-7
15d76177caa6022156e83774c2e054d3,881f83d2dee3f18c7d1751659406144e,8
15d76177caa6022156e83774c2e054d3,12327e4171bb9715104ea70c722869ea,8
15d76177caa6022156e83774c2e054d3,dcb6b241fcbbd838bc3437c8e1fc4ccb,-12
15d76177caa6022156e83774c2e054d3,9e0ccb212abed9880097869dbfb903c5,-1
15d76177caa6022156e83774c2e054d3,15dbf00f25f3f2d86cde4775018d44b5,-2
15d76177caa6022156e83774c2e054d3,1a48480fc3370082483f158f10948bba,8
15d76177caa6022156e83774c2e054d3,3056d865481cd5919672eb92e1f8b53f,7
1eab6189ad9ab246c197575a8c4eebe5,501e22e48df13d5a5b2b85a08c6d2ca9,19
1eab6189ad9ab246c197575a8c4eebe5,b02d6090eb1155aab0614815c9f9ad73,-6
1eab6189ad9ab246c197575a8c4eebe5,e5e2fb66fc3e8ee0edf076e60d343031,-6
1eab6189ad9ab246c197575a8c4eebe5,d4777cb3468137b35f7e80b7434bec27,-7
1eab6189ad9ab246c197575a8c4eebe5,6284f9ad059fd7910f24ab69df891760,5
1eab6189ad9ab246c197575a8c4eebe5,3f67235a5607746cc215eee5dd447a5e,3
1eab6189ad9ab246c197575a8c4eebe5,d74c692dc5f817e5d6598338b24e1035,11
1eab6189ad9ab246c197575a8c4eebe5,0beb157ecf02b2c67048597bb3c514b5,-8
1eab6189ad9ab246c197575a8c4eebe5,b67e5a2e593be71fe871d7d511f0ab55,-1
1eab6189ad9ab246c197575a8c4eebe5,78b2c63af827b482d7e3ffa096f4fbd2,-8
1eab6189ad9ab246c197575a8c4eebe5,f74cedcf99a3aabc222398db7499bac1,2
1eab6189ad9ab246c197575a8c4eebe5,fa59d02355adde510fbf3dd7a0b0930d,-6
1eab6189ad9ab246c197575a8c4eebe5,cc6c4b67ac08f33590e75e9474122fc4,0
1eab6189ad9ab246c197575a8c4eebe5,6de0ac647d194bdcfc0854c7ad51c44e,-6
1eab6189ad9ab246c197575a8c4eebe5,17c5b4a9be5e0fa567d3d38ca65e4005,0
1eab6189ad9ab246c197575a8c4eebe5,93130c3cfa0d9d9a7635a085c3be99a1,7
1eab6189ad9ab246c197575a8c4eebe5,321fe275d1d66f05c5014fd97e870834,-6
1eab6189ad9ab246c197575a8c4eebe5,66c69301f757e48e6b780927b5a55e11,-2
1eab6189ad9ab246c197575a8c4eebe5,3cc886aecaeb231f093c5bdded29d2dd,9
1f9e3cb05c031986cf8bc7c0a84cc517,501e22e48df13d5a5b2b85a08c6d2ca9,16
1f9e3cb05c031986cf8bc7c0a84cc517,b02d6090eb1155aab0614815c9f9ad73,28
1f9e3cb05c031986cf8bc7c0a84cc517,6284f9ad059fd7910f24ab69df891760,27
1f9e3cb05c031986cf8bc7c0a84cc517,3f67235a5607746cc215eee5dd447a5e,11
1f9e3cb05c031986cf8bc7c0a84cc517,58a634d96007527e1989120fe42d1072,-5
1f9e3cb05c031986cf8bc7c0a84cc517,c5a353e301078ea1cb4e8bc8fede12e9,-23
1f9e3cb05c031986cf8bc7c0a84cc517,9205d55e83f96be2290f1e8849e9f062,-12
1f9e3cb05c031986cf8bc7c0a84cc517,770d24797fbad8f1bddd585ef8297e2b,15
1f9e3cb05c031986cf8bc7c0a84cc517,d29058993b5746d37d0fd5348c5018e2,2
1f9e3cb05c031986cf8bc7c0a84cc517,3637dae74ec0bcaa39275df5ef7bea71,-27
1f9e3cb05c031986cf8bc7c0a84cc517,fcca0a6b42249d73d83db4651c1c1c91,-10
1f9e3cb05c031986cf8bc7c0a84cc517,d60757b977513c3d88aad57e520cd3f3,2
1f9e3cb05c031986cf8bc7c0a84cc517,7c1c2ad6f3088c952dffd0335bb3af9b,-8
1f9e3cb05c031986cf8bc7c0a84cc517,cc6c4b67ac08f33590e75e9474122fc4,9
1f9e3cb05c031986cf8bc7c0a84cc517,3cc886aecaeb231f093c5bdded29d2dd,-3
1f9e3cb05c031986cf8bc7c0a84cc517,79af15b6a2238e81cd52b99490ed2709,2
1f9e3cb05c031986cf8bc7c0a84cc517,cc770adb9f49dec34c5f80808fdfd418,-2
1f9e3cb05c031986cf8bc7c0a84cc517,66c69301f757e48e6b780927b5a55e11,-12
1f9e3cb05c031986cf8bc7c0a84cc517,0b0dfe077fd547134c4b631cc7008465,8
1f9e3cb05c031986cf8bc7c0a84cc517,93130c3cfa0d9d9a7635a085c3be99a1,-6
1f9e3cb05c031986cf8bc7c0a84cc517,abbf4d36fe2ae588a1d096b0a88aa0c9,-12
2bf4ac0ed9ac1aee8767134d62b34dfe,b90945b4a95bfc10ffc239ec4eac211d,-33
2bf4ac0ed9ac1aee8767134d62b34dfe,bb78908ffd321b2e0709b9b462786360,33
2bf4ac0ed9ac1aee8767134d62b34dfe,9f5b1af88e7d95ccb819e311d22fc1d9,27
2bf4ac0ed9ac1aee8767134d62b34dfe,c6199433c79a95a34133f86971a148b1,-22
2bf4ac0ed9ac1aee8767134d62b34dfe,9d54ec2880190738ff0b490850aa21ef,-14
2bf4ac0ed9ac1aee8767134d62b34dfe,e0dffa2151192e79ffe8fb354c90ee27,38
2bf4ac0ed9ac1aee8767134d62b34dfe,c6a9f7baaf3b88105816cf658c0cf7e8,-34
2bf4ac0ed9ac1aee8767134d62b34dfe,bd20bf656b42bc62dbff50057d2b229a,38
2bf4ac0ed9ac1aee8767134d62b34dfe,6747ed60ebf43c90d3329c9d744662cb,28
2bf4ac0ed9ac1aee8767134d62b34dfe,57ed4bb35e7cef3fc5f579bd119ceeca,-22
2bf4ac0ed9ac1aee8767134d62b34dfe,4341f809d409ac17565852620cf80cbd,-14
2bf4ac0ed9ac1aee8767134d62b34dfe,2f1121d01dbff3e3dd6f17841dd34120,-16
2bf4ac0ed9ac1aee8767134d62b34dfe,70f7e0aad42e27aacb7490d349a4b233,-26
2bf4ac0ed9ac1aee8767134d62b34dfe,9ddd4ed866679ee1020a2c8c426b222a,8
2bf4ac0ed9ac1aee8767134d62b34dfe,ff9ea417d5345bb5e4e6ec152ae2358f,16
2bf4ac0ed9ac1aee8767134d62b34dfe,173f319db1edc802bf85ecff4a759d8c,10
2bf4ac0ed9ac1aee8767134d62b34dfe,2bff96fb00704f4d84b67d3ec95db8fd,-5
2bf4ac0ed9ac1aee8767134d62b34dfe,73be785a9fbca2eff767fbce1c398d66,3
2bf4ac0ed9ac1aee8767134d62b34dfe,011ffbd69cd25a2324c720b64f31712a,-3
2bf4ac0ed9ac1aee8767134d62b34dfe,e96dc78c444bead3a3e7d169f2fa6e07,-5
2bf4ac0ed9ac1aee8767134d62b34dfe,d39a4c1fa31258c322488a7329674adc,-4
2bf4ac0ed9ac1aee8767134d62b34dfe,8855d25a0461a5ed487d0dbc7ad6c73b,-4
2bf4ac0ed9ac1aee8767134d62b34dfe,35ca3467b0fbb6a737c25f3f4ca5b2a8,-2
2bf4ac0ed9ac1aee8767134d62b34dfe,cbc1063c3b1731493f5de7dcd822a193,3
2bf4ac0ed9ac1aee8767134d62b34dfe,c149a245aa42a54348d9f4534c182e22,1
2bf4ac0ed9ac1aee8767134d62b34dfe,89c04f26448f309cd55b487b0722bdad,-1
2faabfa663f4dfb9ed83a1482088e092,4eff0c7b3c32f68bfece327044b47b49,10
2faabfa663f4dfb9ed83a1482088e092,4a34b108d006b92660ec7593dde29e0d,4
2faabfa663f4dfb9ed83a1482088e092,f2e41e7ce25aff54b85ee5ab66f69187,6
2faabfa663f4dfb9ed83a1482088e092,30f38d775cff2a96532ccc7c5e48c48b,11
2faabfa663f4dfb9ed83a1482088e092,73cae0c04831cfb8dd47d5f41faf277f,4
2faabfa663f4dfb9ed83a1482088e092,64434221db9ba319f8d13632f1c2ad32,-14
2faabfa663f4dfb9ed83a1482088e092,52af793d0eeef92b05ce0d6b01cf2542,8
2faabfa663f4dfb9ed83a1482088e092,c2502dbdbdc5273bac8daa884e3ff63a,6
2faabfa663f4dfb9ed83a1482088e092,1b335cd14d37addc486b357c3b58db27,-6
2faabfa663f4dfb9ed83a1482088e092,67f4ecb2bff373b7f14f59bdf87b47c6,-6
2faabfa663f4dfb9ed83a1482088e092,ad6a98bfd42a5a831a1a3401eaf96785,-6
2faabfa663f4dfb9ed83a1482088e092,b2ba11f9de4921e8eee910b7c9d5404f,3
2faabfa663f4dfb9ed83a1482088e092,0f02d616e027988803324c84e8951a0e,13
2faabfa663f4dfb9ed83a1482088e092,36d0e99d34dfb110a853cd2892065234,6
2faabfa663f4dfb9ed83a1482088e092,ffaf641f9379f76a57f15bab1e788e6d,-19
2faabfa663f4dfb9ed83a1482088e092,50dd3829e418e0c92efe29566f288942,-6
2faabfa663f4dfb9ed83a1482088e092,926af53b4f0e8e7afd53aa2a4c46895d,-26
2faabfa663f4dfb9ed83a1482088e092,53502b8d547e58de75cb1622f66cae09,25
2faabfa663f4dfb9ed83a1482088e092,404f3be24b921150227c13f766e084cf,-9
2faabfa663f4dfb9ed83a1482088e092,05c7b48e2ce68df138826699856fe6a5,9
2faabfa663f4dfb9ed83a1482088e092,508d962863dc09f49884cdd9a53d804a,-5
2faabfa663f4dfb9ed83a1482088e092,6a20279d61d8be94ea457bb5f6fe077a,-4
2faabfa663f4dfb9ed83a1482088e092,862015a22d1dd86103d865691dab92f0,-4
3152e9c330ce200cc189ae64ebdf41fc,2f04dbbabeefc1447ca06ae228d8b42c,12
3152e9c330ce200cc189ae64ebdf41fc,466ef3d80ec02640eeecea72e08ad8c6,-2
3152e9c330ce200cc189ae64ebdf41fc,7021635e4c42453f92b82fe89cfffa35,4
3152e9c330ce200cc189ae64ebdf41fc,522a32a0442e32bce9aba28ac7ba327b,-5
3152e9c330ce200cc189ae64ebdf41fc,039bd19014e6cfcf867f442aa412ad6a,-6
3152e9c330ce200cc189ae64ebdf41fc,293f2b24a7c44b0d65cd9ac09b680ffc,-8
3152e9c330ce200cc189ae64ebdf41fc,c493d9929037f011bcb3ff8a2e468c6a,-4
3152e9c330ce200cc189ae64ebdf41fc,b07ed3ce0e4991320064795011f02d4d,10
3152e9c330ce200cc189ae64ebdf41fc,38165bacb00c27108cc23681972ee9ab,-2
3152e9c330ce200cc189ae64ebdf41fc,16f7d070421f93ae177d8adf1bc0edf2,-8
3152e9c330ce200cc189ae64ebdf41fc,14629670f976c0320bd2085956d073e1,4
3152e9c330ce200cc189ae64ebdf41fc,d3e3ae70ac393f24335f922cdeec1b1a,-8
3152e9c330ce200cc189ae64ebdf41fc,4d64187a5343a51197a799982a97d173,2
3152e9c330ce200cc189ae64ebdf41fc,53e6c98d995191bfb806c5a7cf93db05,4
3152e9c330ce200cc189ae64ebdf41fc,aa062d0d43fb0f311e962c085e1fb744,-5
3152e9c330ce200cc189ae64ebdf41fc,a555fb30be57b11cdfbffa3654ba9f83,4
3152e9c330ce200cc189ae64ebdf41fc,cdb159e491966787f661d65f4d997fe8,-4
3152e9c330ce200cc189ae64ebdf41fc,4b095e823bb1b4857a50d41a511930d4,11
3152e9c330ce200cc189ae64ebdf41fc,a21d7d83ae1fb9bc438e87b06072efbb,-4
3152e9c330ce200cc189ae64ebdf41fc,38f5dec297d58ecae62c8a9549004520,0
3152e9c330ce200cc189ae64ebdf41fc,1e0949f9de690dc085cd487fba834d4e,5
33f631fec90cc1f08bb16cff5ed52f9b,5e6c9c4441186264607c60fcc533574c,-6
33f631fec90cc1f08bb16cff5ed52f9b,a1b3d414dba333bb2413b054b8460c07,5
33f631fec90cc1f08bb16cff5ed52f9b,f666125388be8d19b945f07d44610948,11
33f631fec90cc1f08bb16cff5ed52f9b,2f47647508381809be04b091b6ca7784,-7
33f631fec90cc1f08bb16cff5ed52f9b,f186747d3ece1e28b37719c9da06d18f,8
33f631fec90cc1f08bb16cff5ed52f9b,6601540cadf11d946589194c685da2bf,16
33f631fec90cc1f08bb16cff5ed52f9b,0b0922346df190dd8f900c44c1fae592,11
33f631fec90cc1f08bb16cff5ed52f9b,978f65d65974dcaaea595daaa1b35a2a,-6
33f631fec90cc1f08bb16cff5ed52f9b,249de90677348e56e1f8c68e67edd04f,-2
33f631fec90cc1f08bb16cff5ed52f9b,4121c3bfb44f9d3a3151b212f31e7e04,-9
33f631fec90cc1f08bb16cff5ed52f9b,317a4d61e1dd679f93b3628f3e35e0d0,-2
33f631fec90cc1f08bb16cff5ed52f9b,d5f8cba7dd4e0eaf23240e6eb5540d92,2
33f631fec90cc1f08bb16cff5ed52f9b,74c4ae2b904d732ede2f08765d27deea,-1
33f631fec90cc1f08bb16cff5ed52f9b,601a72cc4a6a409c9463e1a59a01fa29,2
33f631fec90cc1f08bb16cff5ed52f9b,5cfae6b3803440cb1d87ceead6aad4eb,-1
33f631fec90cc1f08bb16cff5ed52f9b,928d7057f3a2b03d6e1574c5a55d0a54,11
33f631fec90cc1f08bb16cff5ed52f9b,7f4090b5116c7fb52170667f3a30d2c6,-3
33f631fec90cc1f08bb16cff5ed52f9b,74830bfa36f9e2005b3b6beb635e80f5,-8
33f631fec90cc1f08bb16cff5ed52f9b,1661bd9c6b04cf1cc9aa15decef3c294,-1
33f631fec90cc1f08bb16cff5ed52f9b,92dcab554aa5587162253437a4e485c6,-15
33f631fec90cc1f08bb16cff5ed52f9b,926af53b4f0e8e7afd53aa2a4c46895d,-5
345f285f7c654bf7a03e940a9bc923c3,91a259d73f01cc44ea00b70444bdac89,9
345f285f7c654bf7a03e940a9bc923c3,0f79f5ac1d01d9639c74a0cce4a8c7b3,5
345f285f7c654bf7a03e940a9bc923c3,5e0158b93a72b41987eec3429fb2038f,-10
345f285f7c654bf7a03e940a9bc923c3,7021635e4c42453f92b82fe89cfffa35,13
345f285f7c654bf7a03e940a9bc923c3,6f223e85f3b3c72a7ce29a142767e806,8
345f285f7c654bf7a03e940a9bc923c3,5f6c28ea1939903f51fbff12de4aa7c2,3
345f285f7c654bf7a03e940a9bc923c3,c493d9929037f011bcb3ff8a2e468c6a,7
345f285f7c654bf7a03e940a9bc923c3,b07ed3ce0e4991320064795011f02d4d,9
345f285f7c654bf7a03e940a9bc923c3,7456d0c6cf404d5d6321c7332391f09a,-14
345f285f7c654bf7a03e940a9bc923c3,38165bacb00c27108cc23681972ee9ab,8
345f285f7c654bf7a03e940a9bc923c3,a21d7d83ae1fb9bc438e87b06072efbb,0
345f285f7c654bf7a03e940a9bc923c3,f2f904a986118f6e2e67da38c64ffe81,-14
345f285f7c654bf7a03e940a9bc923c3,c5c6264e03c7fb09cb1cc56249900c17,-6
345f285f7c654bf7a03e940a9bc923c3,9cdb7fcbb36cb039e63ea8074df32a81,1
345f285f7c654bf7a03e940a9bc923c3,293f2b24a7c44b0d65cd9ac09b680ffc,0
345f285f7c654bf7a03e940a9bc923c3,6d8221ca1af17d191a7a0bdc27ce61aa,2
345f285f7c654bf7a03e940a9bc923c3,4b095e823bb1b4857a50d41a511930d4,-4
345f285f7c654bf7a03e940a9bc923c3,91d86c8bc25e3813bbae2f4e6c70753a,-17
3b753670a0d0df2c35c7ce2e0bc94e6c,4eff0c7b3c32f68bfece327044b47b49,-2
3b753670a0d0df2c35c7ce2e0bc94e6c,23d30ea674e3a1374d4ea788452ad6bb,11
3b753670a0d0df2c35c7ce2e0bc94e6c,4a34b108d006b92660ec7593dde29e0d,1
3b753670a0d0df2c35c7ce2e0bc94e6c,1f8e6e61eb13aa30f5384a7e6716ec19,10
3b753670a0d0df2c35c7ce2e0bc94e6c,30f38d775cff2a96532ccc7c5e48c48b,-7
3b753670a0d0df2c35c7ce2e0bc94e6c,056755eee40e0ae3ce0cebd5b9053a3c,7
3b753670a0d0df2c35c7ce2e0bc94e6c,73cae0c04831cfb8dd47d5f41faf277f,-2
3b753670a0d0df2c35c7ce2e0bc94e6c,52af793d0eeef92b05ce0d6b01cf2542,-8
3b753670a0d0df2c35c7ce2e0bc94e6c,c014e84aa77975fc1c2744e6b9f3270e,3
3b753670a0d0df2c35c7ce2e0bc94e6c,fd8b5b53146b42edda07a15e27051bca,3
3b753670a0d0df2c35c7ce2e0bc94e6c,59f29037d9dc9165fb360b9b3612d919,1
3b753670a0d0df2c35c7ce2e0bc94e6c,fd3a01d2c35cb46d49e9b2fe6fefea69,-6
3b753670a0d0df2c35c7ce2e0bc94e6c,7ed981d8ac6a49c95a4387973bd1ba42,-4
3b753670a0d0df2c35c7ce2e0bc94e6c,ed343691d2b2712df2037aa5c1a0f9ab,-6
3b753670a0d0df2c35c7ce2e0bc94e6c,0f02d616e027988803324c84e8951a0e,0
3b753670a0d0df2c35c7ce2e0bc94e6c,36d0e99d34dfb110a853cd2892065234,-3
3b753670a0d0df2c35c7ce2e0bc94e6c,ad6a98bfd42a5a831a1a3401eaf96785,-8
3b753670a0d0df2c35c7ce2e0bc94e6c,05c7b48e2ce68df138826699856fe6a5,-5
3b753670a0d0df2c35c7ce2e0bc94e6c,f6d83f1f77d73b0146900666f34e9f01,2
3b753670a0d0df2c35c7ce2e0bc94e6c,8628c4223c91b8f171a7f25e9bbd866b,0
3b753670a0d0df2c35c7ce2e0bc94e6c,6a20279d61d8be94ea457bb5f6fe077a,9
3b753670a0d0df2c35c7ce2e0bc94e6c,53502b8d547e58de75cb1622f66cae09,6
3b753670a0d0df2c35c7ce2e0bc94e6c,27dad82447628aaa7e5a3ade0259bda7,-2
3b753670a0d0df2c35c7ce2e0bc94e6c,677378538fa929f6c5568cafa2914c83,0
3b753670a0d0df2c35c7ce2e0bc94e6c,862015a22d1dd86103d865691dab92f0,-2
3b753670a0d0df2c35c7ce2e0bc94e6c,1a1e3356af50591d6d13df1f919288c5,2
56ccfaf0adead6f4c7236a01ca0cfbdc,ea16528886a6058e0d8133e78bec598e,-4
56ccfaf0adead6f4c7236a01ca0cfbdc,dfc487cf688d18f2a848bbf05e7a9f47,1
56ccfaf0adead6f4c7236a01ca0cfbdc,b288a5a2a8615f37ae77f3ce71f061e8,4
56ccfaf0adead6f4c7236a01ca0cfbdc,cc2c9a0eec200fae9bebb80d56d93b8c,5
56ccfaf0adead6f4c7236a01ca0cfbdc,0a7ae25da315e35e903233b4bb2252da,12
56ccfaf0adead6f4c7236a01ca0cfbdc,a07fb375dddea9eb7ca13848b9941daf,5
56ccfaf0adead6f4c7236a01ca0cfbdc,c3e7c28936c338dfd5131e63d2ad626a,2
56ccfaf0adead6f4c7236a01ca0cfbdc,6ca1613533eb84c8e5a99f443e9b5cde,-8
56ccfaf0adead6f4c7236a01ca0cfbdc,2589603a6d7a0aaeb9112f8ee416cebe,-8
56ccfaf0adead6f4c7236a01ca0cfbdc,34c6c550fe96c36bdf86c24a0488fffc,7
56ccfaf0adead6f4c7236a01ca0cfbdc,048d36fcccd8d3c22d26e353ed176604,1
56ccfaf0adead6f4c7236a01ca0cfbdc,335ab92f9ddc2954a236a5aaac332ba7,6
56ccfaf0adead6f4c7236a01ca0cfbdc,28cb486490a46a6228131b482be79bba,1
56ccfaf0adead6f4c7236a01ca0cfbdc,852c9de6c917694981f071bc5eb58326,-18
56ccfaf0adead6f4c7236a01ca0cfbdc,c5f7286d166ca7f627e83c354c8e4f2a,-19
56ccfaf0adead6f4c7236a01ca0cfbdc,515b44596849db9f6f2b360c576398fc,-8
56ccfaf0adead6f4c7236a01ca0cfbdc,395b23ca47bf87d3370feaecbbc11676,15
56ccfaf0adead6f4c7236a01ca0cfbdc,9cdb7fcbb36cb039e63ea8074df32a81,-11
56ccfaf0adead6f4c7236a01ca0cfbdc,66c0552461f4db5611a978058e90b8b4,-2
56ccfaf0adead6f4c7236a01ca0cfbdc,963242c7a25ba9a70b245f482e960e75,14
56ccfaf0adead6f4c7236a01ca0cfbdc,3d9bcb1390d5efea6bbce4aac0952178,5
598a55c8bf052d039d0fb4ff1a62f98a,2b8bdfc64f41d1adefabcf7e0667a618,16
598a55c8bf052d039d0fb4ff1a62f98a,3d6fa00462bffd51ce5cf6612ec9026a,-14
598a55c8bf052d039d0fb4ff1a62f98a,17651fd844ca9177694e0fe8e13ade03,16
598a55c8bf052d039d0fb4ff1a62f98a,e546fc654970cfc01f73c0d73250e97b,-11
598a55c8bf052d039d0fb4ff1a62f98a,387d067091bd3a9264576ddb74759f5f,17
598a55c8bf052d039d0fb4ff1a62f98a,1e5a19729df6e4496686d9356be411ca,-12
598a55c8bf052d039d0fb4ff1a62f98a,5fe2b12999c5b4a17dba17cb76b0cfbc,19
598a55c8bf052d039d0fb4ff1a62f98a,a82c2c880ccf01c25e5ffa252551a612,-9
598a55c8bf052d039d0fb4ff1a62f98a,171fe637accecc29979e5408595de077,-17
598a55c8bf052d039d0fb4ff1a62f98a,f5f1164263044fc2ee91242daa221045,12
598a55c8bf052d039d0fb4ff1a62f98a,43a74f78a8e39c7fb0ad193fb24f52ba,12
598a55c8bf052d039d0fb4ff1a62f98a,e688b1a601a44fb2ac79c58bf6c89e8b,17
598a55c8bf052d039d0fb4ff1a62f98a,085beb037fb1e12196085f66c9761cd4,-15
598a55c8bf052d039d0fb4ff1a62f98a,5b82a306c99fa6afb74114ad40c19c94,-5
598a55c8bf052d039d0fb4ff1a62f98a,6becc2cf336cee342d817b90d632ae14,-8
598a55c8bf052d039d0fb4ff1a62f98a,6928f97f25cd10ae4343eb4aedcd1c93,-6
598a55c8bf052d039d0fb4ff1a62f98a,257b19b06545dcb0a4eb3a01d7952eed,11
598a55c8bf052d039d0fb4ff1a62f98a,4d371dbb9d07b0a451e6a253244d3079,-18
598a55c8bf052d039d0fb4ff1a62f98a,cc770adb9f49dec34c5f80808fdfd418,5
598a55c8bf052d039d0fb4ff1a62f98a,52f149c66e930e899eb96964f0e9d78b,-2
598a55c8bf052d039d0fb4ff1a62f98a,100cf64c65b01e459c9fdda0f8b75061,3
598a55c8bf052d039d0fb4ff1a62f98a,64b5b3b574055d3d0e71c4c9b5f48498,2
598a55c8bf052d039d0fb4ff1a62f98a,efccee5aa58785e3778eb8d773dfa791,-2
598a55c8bf052d039d0fb4ff1a62f98a,58a634d96007527e1989120fe42d1072,-6
598a55c8bf052d039d0fb4ff1a62f98a,ab1aaee5e4a6d0121e58866080be4ca8,-5
7fad2269ee0d11ae5069ff23ecb25913,501e22e48df13d5a5b2b85a08c6d2ca9,22
7fad2269ee0d11ae5069ff23ecb25913,83276e13d34f364faa3a24cecec245e1,-9
7fad2269ee0d11ae5069ff23ecb25913,7e0fe3d0e532a5786e2eec9b5d1bedc6,-25
7fad2269ee0d11ae5069ff23ecb25913,b02d6090eb1155aab0614815c9f9ad73,17
7fad2269ee0d11ae5069ff23ecb25913,461d33b042b3c349d69980f89e06f582,-25
7fad2269ee0d11ae5069ff23ecb25913,6284f9ad059fd7910f24ab69df891760,30
7fad2269ee0d11ae5069ff23ecb25913,0c2d9d598f919d635d1f230ea475ef04,-4
7fad2269ee0d11ae5069ff23ecb25913,3f67235a5607746cc215eee5dd447a5e,6
7fad2269ee0d11ae5069ff23ecb25913,d74c692dc5f817e5d6598338b24e1035,32
7fad2269ee0d11ae5069ff23ecb25913,3637dae74ec0bcaa39275df5ef7bea71,-28
7fad2269ee0d11ae5069ff23ecb25913,0b0dfe077fd547134c4b631cc7008465,-17
7fad2269ee0d11ae5069ff23ecb25913,7c1c2ad6f3088c952dffd0335bb3af9b,-29
7fad2269ee0d11ae5069ff23ecb25913,fa59d02355adde510fbf3dd7a0b0930d,10
7fad2269ee0d11ae5069ff23ecb25913,d29058993b5746d37d0fd5348c5018e2,-12
7fad2269ee0d11ae5069ff23ecb25913,e6d3fc584789b9b914791ec969a8d5a4,-8
7fad2269ee0d11ae5069ff23ecb25913,c5a353e301078ea1cb4e8bc8fede12e9,-22
7fad2269ee0d11ae5069ff23ecb25913,cc6c4b67ac08f33590e75e9474122fc4,19
7fad2269ee0d11ae5069ff23ecb25913,79af15b6a2238e81cd52b99490ed2709,24
7fad2269ee0d11ae5069ff23ecb25913,66c69301f757e48e6b780927b5a55e11,6
7fad2269ee0d11ae5069ff23ecb25913,3cc886aecaeb231f093c5bdded29d2dd,13
7fad2269ee0d11ae5069ff23ecb25913,93130c3cfa0d9d9a7635a085c3be99a1,15
7fad2269ee0d11ae5069ff23ecb25913,fcca0a6b42249d73d83db4651c1c1c91,-21
7fad2269ee0d11ae5069ff23ecb25913,061db8cbef53aa3743c9f53cb392c1bc,5
7fad2269ee0d11ae5069ff23ecb25913,4c7117e85936b9b1c9c436394c9cdd0e,-15
7fad2269ee0d11ae5069ff23ecb25913,6b6a2da75825a3f756d32b57a6267460,16
87d1574f478f37d13789284b96b4f6cb,a1b3d414dba333bb2413b054b8460c07,18
87d1574f478f37d13789284b96b4f6cb,f666125388be8d19b945f07d44610948,16
87d1574f478f37d13789284b96b4f6cb,3d6fa00462bffd51ce5cf6612ec9026a,-14
87d1574f478f37d13789284b96b4f6cb,f186747d3ece1e28b37719c9da06d18f,19
87d1574f478f37d13789284b96b4f6cb,6601540cadf11d946589194c685da2bf,19
87d1574f478f37d13789284b96b4f6cb,0b0922346df190dd8f900c44c1fae592,18
87d1574f478f37d13789284b96b4f6cb,0b9f9787580f7ca0dbba7a0eb39b1c4d,-19
87d1574f478f37d13789284b96b4f6cb,5b82a306c99fa6afb74114ad40c19c94,-19
87d1574f478f37d13789284b96b4f6cb,fa5ca757de7c6c5ec97900bcabbc146e,-13
87d1574f478f37d13789284b96b4f6cb,64b5b3b574055d3d0e71c4c9b5f48498,-6
87d1574f478f37d13789284b96b4f6cb,100cf64c65b01e459c9fdda0f8b75061,-16
87d1574f478f37d13789284b96b4f6cb,02c4c706481eedebb00f53520176f60e,-13
87d1574f478f37d13789284b96b4f6cb,601a72cc4a6a409c9463e1a59a01fa29,11
87d1574f478f37d13789284b96b4f6cb,d5f8cba7dd4e0eaf23240e6eb5540d92,7
87d1574f478f37d13789284b96b4f6cb,7f4090b5116c7fb52170667f3a30d2c6,1
87d1574f478f37d13789284b96b4f6cb,1661bd9c6b04cf1cc9aa15decef3c294,-2
87d1574f478f37d13789284b96b4f6cb,8ac430587c75579c9d99eba78169afdc,-4
87d1574f478f37d13789284b96b4f6cb,6bd1756435a0433f9e007e173c78a407,-3
88012a99d7fd1c169e2360aa5cdf8bfa,5e6c9c4441186264607c60fcc533574c,21
88012a99d7fd1c169e2360aa5cdf8bfa,881f83d2dee3f18c7d1751659406144e,-8
88012a99d7fd1c169e2360aa5cdf8bfa,317a4d61e1dd679f93b3628f3e35e0d0,22
88012a99d7fd1c169e2360aa5cdf8bfa,f1b33b117f9ae58f140d9581c329452a,-16
88012a99d7fd1c169e2360aa5cdf8bfa,2f47647508381809be04b091b6ca7784,27
88012a99d7fd1c169e2360aa5cdf8bfa,6bf40f9c2b640febc71d1393fb24d894,-19
88012a99d7fd1c169e2360aa5cdf8bfa,9b85cb9662c0d65b722d77aea12f3f13,13
88012a99d7fd1c169e2360aa5cdf8bfa,978f65d65974dcaaea595daaa1b35a2a,20
88012a99d7fd1c169e2360aa5cdf8bfa,cec898a1d355dbfbad8c760615fde1af,-24
88012a99d7fd1c169e2360aa5cdf8bfa,314c71574689f752c17b83cd6a4d770e,-21
88012a99d7fd1c169e2360aa5cdf8bfa,a99f44bbff39e352191a870e17f04537,-4
88012a99d7fd1c169e2360aa5cdf8bfa,8669ba66385e8896db72f69bf95d7ca9,4
88012a99d7fd1c169e2360aa5cdf8bfa,b2fada91a0c8a0f400623c425286ae2e,-8
88012a99d7fd1c169e2360aa5cdf8bfa,5cfae6b3803440cb1d87ceead6aad4eb,-1
88012a99d7fd1c169e2360aa5cdf8bfa,90329ef6783257720e881642b13afcf1,10
88012a99d7fd1c169e2360aa5cdf8bfa,5234e98b6206eb09c43f8cf19ae9d6ef,5
88012a99d7fd1c169e2360aa5cdf8bfa,2d9594e4d250679e7a3383ad5ccd2f44,8
88012a99d7fd1c169e2360aa5cdf8bfa,928d7057f3a2b03d6e1574c5a55d0a54,-6
88012a99d7fd1c169e2360aa5cdf8bfa,4121c3bfb44f9d3a3151b212f31e7e04,5
88012a99d7fd1c169e2360aa5cdf8bfa,2b313e2bcef0268bc8e9415132ba9997,-3
88012a99d7fd1c169e2360aa5cdf8bfa,1362d9ad805e7cc4ea3a9467c91142d6,6
88012a99d7fd1c169e2360aa5cdf8bfa,249de90677348e56e1f8c68e67edd04f,-12
88012a99d7fd1c169e2360aa5cdf8bfa,74830bfa36f9e2005b3b6beb635e80f5,-12
88012a99d7fd1c169e2360aa5cdf8bfa,2a3cecf791ee8e19a105d8ff8a3296ef,-7
896bcac9b0f35b250c9fb7a6325d8599,89c04f26448f309cd55b487b0722bdad,-6
896bcac9b0f35b250c9fb7a6325d8599,efa17727bd73df9be0622d56ec5e7f15,-21
896bcac9b0f35b250c9fb7a6325d8599,9d54ec2880190738ff0b490850aa21ef,-14
896bcac9b0f35b250c9fb7a6325d8599,0f79f5ac1d01d9639c74a0cce4a8c7b3,20
896bcac9b0f35b250c9fb7a6325d8599,5e0158b93a72b41987eec3429fb2038f,5
896bcac9b0f35b250c9fb7a6325d8599,bd24c26a700dff3c6b0812c487f621af,21
896bcac9b0f35b250c9fb7a6325d8599,6747ed60ebf43c90d3329c9d744662cb,-17
896bcac9b0f35b250c9fb7a6325d8599,ff9ea417d5345bb5e4e6ec152ae2358f,-28
896bcac9b0f35b250c9fb7a6325d8599,1f84a5c60249c938433f6398e80521ae,10
896bcac9b0f35b250c9fb7a6325d8599,5f6c28ea1939903f51fbff12de4aa7c2,10
896bcac9b0f35b250c9fb7a6325d8599,b720c3a8a48569f1b468a00ac07c5f7f,23
896bcac9b0f35b250c9fb7a6325d8599,8a52b66854fe9b529941aae5668ff4aa,24
896bcac9b0f35b250c9fb7a6325d8599,c5c6264e03c7fb09cb1cc56249900c17,-13
896bcac9b0f35b250c9fb7a6325d8599,7456d0c6cf404d5d6321c7332391f09a,12
896bcac9b0f35b250c9fb7a6325d8599,35ca3467b0fbb6a737c25f3f4ca5b2a8,-11
896bcac9b0f35b250c9fb7a6325d8599,173f319db1edc802bf85ecff4a759d8c,-18
896bcac9b0f35b250c9fb7a6325d8599,f2f904a986118f6e2e67da38c64ffe81,8
896bcac9b0f35b250c9fb7a6325d8599,8744a467351282b52f1708ab0fac2e34,-12
896bcac9b0f35b250c9fb7a6325d8599,e9ae81cd14e76a11c325b7fb42611e06,5
896bcac9b0f35b250c9fb7a6325d8599,6f223e85f3b3c72a7ce29a142767e806,2
8fd2943309c7accc78b41e047e1e9393,b90945b4a95bfc10ffc239ec4eac211d,-21
8fd2943309c7accc78b41e047e1e9393,c6199433c79a95a34133f86971a148b1,-14
8fd2943309c7accc78b41e047e1e9393,a1b3d414dba333bb2413b054b8460c07,17
8fd2943309c7accc78b41e047e1e9393,f666125388be8d19b945f07d44610948,15
8fd2943309c7accc78b41e047e1e9393,f186747d3ece1e28b37719c9da06d18f,18
8fd2943309c7accc78b41e047e1e9393,6601540cadf11d946589194c685da2bf,8
8fd2943309c7accc78b41e047e1e9393,0b0922346df190dd8f900c44c1fae592,16
8fd2943309c7accc78b41e047e1e9393,c6a9f7baaf3b88105816cf658c0cf7e8,-9
8fd2943309c7accc78b41e047e1e9393,57ed4bb35e7cef3fc5f579bd119ceeca,-9
8fd2943309c7accc78b41e047e1e9393,70f7e0aad42e27aacb7490d349a4b233,-22
8fd2943309c7accc78b41e047e1e9393,4341f809d409ac17565852620cf80cbd,-8
8fd2943309c7accc78b41e047e1e9393,601a72cc4a6a409c9463e1a59a01fa29,12
8fd2943309c7accc78b41e047e1e9393,2bff96fb00704f4d84b67d3ec95db8fd,-13
8fd2943309c7accc78b41e047e1e9393,74c4ae2b904d732ede2f08765d27deea,5
8fd2943309c7accc78b41e047e1e9393,2f1121d01dbff3e3dd6f17841dd34120,1
8fd2943309c7accc78b41e047e1e9393,d5f8cba7dd4e0eaf23240e6eb5540d92,2
8fd2943309c7accc78b41e047e1e9393,7f4090b5116c7fb52170667f3a30d2c6,3
8fd2943309c7accc78b41e047e1e9393,011ffbd69cd25a2324c720b64f31712a,-11
8fd2943309c7accc78b41e047e1e9393,1661bd9c6b04cf1cc9aa15decef3c294,9
8fd2943309c7accc78b41e047e1e9393,cbc1063c3b1731493f5de7dcd822a193,-8
8fd2943309c7accc78b41e047e1e9393,e96dc78c444bead3a3e7d169f2fa6e07,7
8fd2943309c7accc78b41e047e1e9393,8ac430587c75579c9d99eba78169afdc,-5
8fd2943309c7accc78b41e047e1e9393,c149a245aa42a54348d9f4534c182e22,7
9db75b921076b5848cba7ca36436147c,2483495fb67054a3b6faa2c2bf8249e3,8
9db75b921076b5848cba7ca36436147c,ea16528886a6058e0d8133e78bec598e,6
9db75b921076b5848cba7ca36436147c,27ea17a8685c4919f157e83fe9cb2d9e,-5
9db75b921076b5848cba7ca36436147c,0d4f00ab57bedad897a0aecf8dfa692f,6
9db75b921076b5848cba7ca36436147c,57bbd7e30bc694aeee9ee40c583e6811,-5
9db75b921076b5848cba7ca36436147c,33963fe856a1523ff46438ba07d1d99f,3
9db75b921076b5848cba7ca36436147c,cbd8848dea8700073ef1dbb218821339,2
9db75b921076b5848cba7ca36436147c,25f9b9aedb2a8c72079ebd39a3ff4c8c,6
9db75b921076b5848cba7ca36436147c,c00264c3114d23bac482e9de50fb7d28,0
9db75b921076b5848cba7ca36436147c,307beab25b1021a548b4a47550bc4b25,3
9db75b921076b5848cba7ca36436147c,603daefb2fa321f3abab289805fdcc25,9
9db75b921076b5848cba7ca36436147c,54585b803d43739f9a55ac96da873fbf,-18
9db75b921076b5848cba7ca36436147c,30ffeac1e06740482da5c4f0dd3454ad,-8
9db75b921076b5848cba7ca36436147c,825e2645d764579a9917c71844043eba,-14
9db75b921076b5848cba7ca36436147c,f974c6b5a65a034a866cd58014d6fbe3,-12
9db75b921076b5848cba7ca36436147c,60b5f9f68ccbbf7ba3fa13a2189e2775,9
9db75b921076b5848cba7ca36436147c,c1fe6ed491d04e3cdf50755dff23b263,11
9db75b921076b5848cba7ca36436147c,435985eef272a7b0ce81ae80508e90bf,-6
9db75b921076b5848cba7ca36436147c,8bb18fb1d0cc10c985afa823ecec6d18,3
9db75b921076b5848cba7ca36436147c,dd5c21b550fa5e029f561a830763acbc,2
9dce47bc3cbabd451a9bab758ca5467f,83276e13d34f364faa3a24cecec245e1,9
9dce47bc3cbabd451a9bab758ca5467f,71cd93e320cd2da78733d23dae3274a0,-5
9dce47bc3cbabd451a9bab758ca5467f,e2d5a38e5f826708c89f2f728eade916,-13
9dce47bc3cbabd451a9bab758ca5467f,461d33b042b3c349d69980f89e06f582,7
9dce47bc3cbabd451a9bab758ca5467f,8bea2707e7bf04c8a3d8188b87d92c0e,-14
9dce47bc3cbabd451a9bab758ca5467f,0c2d9d598f919d635d1f230ea475ef04,22
9dce47bc3cbabd451a9bab758ca5467f,952cb62f00fbb58407f3a7cd89c3a7bf,-11
9dce47bc3cbabd451a9bab758ca5467f,1376b4800e5b2d50ce35a57827eadcfc,-8
9dce47bc3cbabd451a9bab758ca5467f,9205d55e83f96be2290f1e8849e9f062,21
9dce47bc3cbabd451a9bab758ca5467f,0468a7cae6489acd7294600e8bad8b32,14
9dce47bc3cbabd451a9bab758ca5467f,1e76e7a4a5b6d17e67172710d86b6b51,-13
9dce47bc3cbabd451a9bab758ca5467f,b248b1d9caa41a3562d67584c1a0b399,2
9dce47bc3cbabd451a9bab758ca5467f,6b08fc64c8d282c36e800d28eb278027,-12
9dce47bc3cbabd451a9bab758ca5467f,3637dae74ec0bcaa39275df5ef7bea71,1
9dce47bc3cbabd451a9bab758ca5467f,c5a353e301078ea1cb4e8bc8fede12e9,9
9dce47bc3cbabd451a9bab758ca5467f,d1af6080bd4b6a794ba3595dab2b1fb8,-6
9dce47bc3cbabd451a9bab758ca5467f,e6d3fc584789b9b914791ec969a8d5a4,1
9dce47bc3cbabd451a9bab758ca5467f,84a4a3c70c57b7d570baca43b5423ba3,4
9dce47bc3cbabd451a9bab758ca5467f,7c1c2ad6f3088c952dffd0335bb3af9b,-7
9dce47bc3cbabd451a9bab758ca5467f,fcca0a6b42249d73d83db4651c1c1c91,-7
9dce47bc3cbabd451a9bab758ca5467f,00d19f69501c09d98507b48ceff105e6,3
9dce47bc3cbabd451a9bab758ca5467f,6350927cc9834a3a61e079a87de2470c,3
a109cef8327feae75c3e4885cb4c6e2d,6b08fc64c8d282c36e800d28eb278027,7
a109cef8327feae75c3e4885cb4c6e2d,71cd93e320cd2da78733d23dae3274a0,6
a109cef8327feae75c3e4885cb4c6e2d,e2d5a38e5f826708c89f2f728eade916,11
a109cef8327feae75c3e4885cb4c6e2d,8bea2707e7bf04c8a3d8188b87d92c0e,9
a109cef8327feae75c3e4885cb4c6e2d,1376b4800e5b2d50ce35a57827eadcfc,0
a109cef8327feae75c3e4885cb4c6e2d,d6bc5eb6ed54c734628cb4d237f99031,-13
a109cef8327feae75c3e4885cb4c6e2d,cbc1063c3b1731493f5de7dcd822a193,-8
a109cef8327feae75c3e4885cb4c6e2d,4dda057700cc34ac57fede94ff8c0652,-5
a109cef8327feae75c3e4885cb4c6e2d,4341f809d409ac17565852620cf80cbd,0
a109cef8327feae75c3e4885cb4c6e2d,e96dc78c444bead3a3e7d169f2fa6e07,8
a109cef8327feae75c3e4885cb4c6e2d,e2e8d3e46399c9cfcdd591a26e81cf5f,11
a109cef8327feae75c3e4885cb4c6e2d,35ca3467b0fbb6a737c25f3f4ca5b2a8,5
a109cef8327feae75c3e4885cb4c6e2d,0328d04afb4a867fdabad5bdf2ae8ec2,-12
a109cef8327feae75c3e4885cb4c6e2d,2f1121d01dbff3e3dd6f17841dd34120,9
a109cef8327feae75c3e4885cb4c6e2d,ea42a84dd3eb3284472048639ee676fd,17
a109cef8327feae75c3e4885cb4c6e2d,b248b1d9caa41a3562d67584c1a0b399,-4
a109cef8327feae75c3e4885cb4c6e2d,84a4a3c70c57b7d570baca43b5423ba3,-5
a109cef8327feae75c3e4885cb4c6e2d,d1af6080bd4b6a794ba3595dab2b1fb8,-13
a109cef8327feae75c3e4885cb4c6e2d,d2a15fd08b7e2fce833c736710c3fd5e,-1
a109cef8327feae75c3e4885cb4c6e2d,00d19f69501c09d98507b48ceff105e6,-15
a109cef8327feae75c3e4885cb4c6e2d,c149a245aa42a54348d9f4534c182e22,11
a109cef8327feae75c3e4885cb4c6e2d,81e57235a0f7d2ad49e275ae41070094,-9
a109cef8327feae75c3e4885cb4c6e2d,6350927cc9834a3a61e079a87de2470c,-9
a32200385b4594cb11f8a19e92c96835,2f04dbbabeefc1447ca06ae228d8b42c,17
a32200385b4594cb11f8a19e92c96835,93cccaa284535f9bef1dbce1d6adfb34,20
a32200385b4594cb11f8a19e92c96835,f6d83f1f77d73b0146900666f34e9f01,-4
a32200385b4594cb11f8a19e92c96835,056755eee40e0ae3ce0cebd5b9053a3c,-18
a32200385b4594cb11f8a19e92c96835,b0b5fb4a9b857c0cf63b80c1893bfef4,12
a32200385b4594cb11f8a19e92c96835,fd3a01d2c35cb46d49e9b2fe6fefea69,-11
a32200385b4594cb11f8a19e92c96835,522a32a0442e32bce9aba28ac7ba327b,10
a32200385b4594cb11f8a19e92c96835,039bd19014e6cfcf867f442aa412ad6a,23
a32200385b4594cb11f8a19e92c96835,c014e84aa77975fc1c2744e6b9f3270e,-18
a32200385b4594cb11f8a19e92c96835,7ed981d8ac6a49c95a4387973bd1ba42,-9
a32200385b4594cb11f8a19e92c96835,aa062d0d43fb0f311e962c085e1fb744,-6
a32200385b4594cb11f8a19e92c96835,fd8b5b53146b42edda07a15e27051bca,-5
a32200385b4594cb11f8a19e92c96835,27dad82447628aaa7e5a3ade0259bda7,4
a32200385b4594cb11f8a19e92c96835,d3e3ae70ac393f24335f922cdeec1b1a,-1
a32200385b4594cb11f8a19e92c96835,5806209d46068008b4ccafa90dca6469,10
a32200385b4594cb11f8a19e92c96835,466ef3d80ec02640eeecea72e08ad8c6,-8
a32200385b4594cb11f8a19e92c96835,16f7d070421f93ae177d8adf1bc0edf2,-12
a32200385b4594cb11f8a19e92c96835,ed343691d2b2712df2037aa5c1a0f9ab,-1
a32200385b4594cb11f8a19e92c96835,23d30ea674e3a1374d4ea788452ad6bb,-3
a442eeb8e92d2941addba3996bd7d0a0,008c7fb331f92d216799d21a9104231a,-11
a442eeb8e92d2941addba3996bd7d0a0,0f79f5ac1d01d9639c74a0cce4a8c7b3,6
a442eeb8e92d2941addba3996bd7d0a0,315f46f7a5e1de7ef9b4c2430ce64e2d,-6
a442eeb8e92d2941addba3996bd7d0a0,b720c3a8a48569f1b468a00ac07c5f7f,4
a442eeb8e92d2941addba3996bd7d0a0,bd24c26a700dff3c6b0812c487f621af,12
a442eeb8e92d2941addba3996bd7d0a0,068cc724c0bdf4a9fc56d2eb2d88fb0f,4
a442eeb8e92d2941addba3996bd7d0a0,0a4bdcb73ac21ffeb164386d44212f45,-6
a442eeb8e92d2941addba3996bd7d0a0,5f6c28ea1939903f51fbff12de4aa7c2,-2
a442eeb8e92d2941addba3996bd7d0a0,479986fc12b02040302f3d2b2a903e53,-2
a442eeb8e92d2941addba3996bd7d0a0,7456d0c6cf404d5d6321c7332391f09a,6
a442eeb8e92d2941addba3996bd7d0a0,3db8556c1f1efeb42aa762e45e2b25d4,-9
a442eeb8e92d2941addba3996bd7d0a0,8a52b66854fe9b529941aae5668ff4aa,7
a442eeb8e92d2941addba3996bd7d0a0,ad0cbdf3bde800a9ff964cd041d26e28,-9
a442eeb8e92d2941addba3996bd7d0a0,f2f904a986118f6e2e67da38c64ffe81,7
a442eeb8e92d2941addba3996bd7d0a0,6f223e85f3b3c72a7ce29a142767e806,6
a442eeb8e92d2941addba3996bd7d0a0,e9ae81cd14e76a11c325b7fb42611e06,0
a442eeb8e92d2941addba3996bd7d0a0,9b250b78040c544e42e67c18034f9676,-8
a442eeb8e92d2941addba3996bd7d0a0,7d2101502c53723c2aaf2a8e5f150d97,-1
a442eeb8e92d2941addba3996bd7d0a0,2dccc7085f3e5aa5a404fa6ef1bdd672,4
a442eeb8e92d2941addba3996bd7d0a0,d410d3fcb5d2bcc23387a9d34650c16b,4
a442eeb8e92d2941addba3996bd7d0a0,91d86c8bc25e3813bbae2f4e6c70753a,-6
a55fe197c4ae19094a2303a950c7e70c,b90945b4a95bfc10ffc239ec4eac211d,6
a55fe197c4ae19094a2303a950c7e70c,9d54ec2880190738ff0b490850aa21ef,-5
a55fe197c4ae19094a2303a950c7e70c,008c7fb331f92d216799d21a9104231a,7
a55fe197c4ae19094a2303a950c7e70c,c6a9f7baaf3b88105816cf658c0cf7e8,-6
a55fe197c4ae19094a2303a950c7e70c,07695ef9feebc6ba02831f0f3c22662a,1
a55fe197c4ae19094a2303a950c7e70c,c17f6e6b83ccc768962046f1af1372a5,-6
a55fe197c4ae19094a2303a950c7e70c,c6e0c30c8c02b0706682ec89eb6fc565,-1
a55fe197c4ae19094a2303a950c7e70c,57ed4bb35e7cef3fc5f579bd119ceeca,-13
a55fe197c4ae19094a2303a950c7e70c,0a4bdcb73ac21ffeb164386d44212f45,7
a55fe197c4ae19094a2303a950c7e70c,4341f809d409ac17565852620cf80cbd,-12
a55fe197c4ae19094a2303a950c7e70c,c6199433c79a95a34133f86971a148b1,7
a55fe197c4ae19094a2303a950c7e70c,e2e8d3e46399c9cfcdd591a26e81cf5f,19
a55fe197c4ae19094a2303a950c7e70c,70f7e0aad42e27aacb7490d349a4b233,18
a55fe197c4ae19094a2303a950c7e70c,479986fc12b02040302f3d2b2a903e53,-10
a55fe197c4ae19094a2303a950c7e70c,0a7bab1764e8696f355e018c6fd0e8b7,-14
a55fe197c4ae19094a2303a950c7e70c,cbc1063c3b1731493f5de7dcd822a193,18
a55fe197c4ae19094a2303a950c7e70c,ad0cbdf3bde800a9ff964cd041d26e28,0
a55fe197c4ae19094a2303a950c7e70c,3db8556c1f1efeb42aa762e45e2b25d4,-9
a55fe197c4ae19094a2303a950c7e70c,011ffbd69cd25a2324c720b64f31712a,5
a55fe197c4ae19094a2303a950c7e70c,7d2101502c53723c2aaf2a8e5f150d97,-15
a55fe197c4ae19094a2303a950c7e70c,ebec10a71fa69e4668ab1102ff7da2d2,5
a55fe197c4ae19094a2303a950c7e70c,2f1121d01dbff3e3dd6f17841dd34120,-2
b2abcb6a29ed3d99db98084c96638bff,e1f8bfdb6088ec65d99d98570149b1f0,13
b2abcb6a29ed3d99db98084c96638bff,27ea17a8685c4919f157e83fe9cb2d9e,-31
b2abcb6a29ed3d99db98084c96638bff,e43aba9ca924c29b2a41feb7d3c8bc5b,3
b2abcb6a29ed3d99db98084c96638bff,7367a4fcf2f4af747576b5dcb9ffdd77,30
b2abcb6a29ed3d99db98084c96638bff,472dc36ed0d28b2fd318d15bbd292320,31
b2abcb6a29ed3d99db98084c96638bff,57bbd7e30bc694aeee9ee40c583e6811,-13
b2abcb6a29ed3d99db98084c96638bff,33963fe856a1523ff46438ba07d1d99f,-19
b2abcb6a29ed3d99db98084c96638bff,c00264c3114d23bac482e9de50fb7d28,-29
b2abcb6a29ed3d99db98084c96638bff,a30c2c75d6a204ed450a2c423c11d362,30
b2abcb6a29ed3d99db98084c96638bff,307beab25b1021a548b4a47550bc4b25,-21
b2abcb6a29ed3d99db98084c96638bff,1010437803b67e17a67a8966294555a7,-1
b2abcb6a29ed3d99db98084c96638bff,5ff25817b04f08b02c9781970f1234c6,2
b2abcb6a29ed3d99db98084c96638bff,c1fe6ed491d04e3cdf50755dff23b263,4
b2abcb6a29ed3d99db98084c96638bff,907b36dd80d1411453e94bc61e2ca9a3,18
b2abcb6a29ed3d99db98084c96638bff,0b9f9787580f7ca0dbba7a0eb39b1c4d,-10
b2abcb6a29ed3d99db98084c96638bff,60b5f9f68ccbbf7ba3fa13a2189e2775,10
b2abcb6a29ed3d99db98084c96638bff,f5250354772b45edb362cd3d5286b6e0,4
b2abcb6a29ed3d99db98084c96638bff,fa5ca757de7c6c5ec97900bcabbc146e,-11
b2abcb6a29ed3d99db98084c96638bff,8bb18fb1d0cc10c985afa823ecec6d18,1
b2abcb6a29ed3d99db98084c96638bff,603daefb2fa321f3abab289805fdcc25,2
b2abcb6a29ed3d99db98084c96638bff,52c2b7c1bc3d4104de29f896fc644871,-11
b2abcb6a29ed3d99db98084c96638bff,dd5c21b550fa5e029f561a830763acbc,0
b2abcb6a29ed3d99db98084c96638bff,44f7d39533b8d47af9cb1dcd7b5afb25,-2
b2c59cbe723394436526560db23e6a93,1f8e6e61eb13aa30f5384a7e6716ec19,19
b2c59cbe723394436526560db23e6a93,056755eee40e0ae3ce0cebd5b9053a3c,29
b2c59cbe723394436526560db23e6a93,33f469a601417bebf0be722241d131e6,-17
b2c59cbe723394436526560db23e6a93,f74cedcf99a3aabc222398db7499bac1,-14
b2c59cbe723394436526560db23e6a93,c014e84aa77975fc1c2744e6b9f3270e,19
b2c59cbe723394436526560db23e6a93,7ed981d8ac6a49c95a4387973bd1ba42,30
b2c59cbe723394436526560db23e6a93,6de0ac647d194bdcfc0854c7ad51c44e,-11
b2c59cbe723394436526560db23e6a93,78b2c63af827b482d7e3ffa096f4fbd2,-17
b2c59cbe723394436526560db23e6a93,27dad82447628aaa7e5a3ade0259bda7,19
b2c59cbe723394436526560db23e6a93,d7f2b465bbe159ecb83cb95d120df260,-21
b2c59cbe723394436526560db23e6a93,e5e2fb66fc3e8ee0edf076e60d343031,-17
b2c59cbe723394436526560db23e6a93,17c5b4a9be5e0fa567d3d38ca65e4005,-8
b2c59cbe723394436526560db23e6a93,b67e5a2e593be71fe871d7d511f0ab55,-3
b2c59cbe723394436526560db23e6a93,321fe275d1d66f05c5014fd97e870834,-8
b2c59cbe723394436526560db23e6a93,23d30ea674e3a1374d4ea788452ad6bb,3
b2c59cbe723394436526560db23e6a93,ed343691d2b2712df2037aa5c1a0f9ab,-11
b2c59cbe723394436526560db23e6a93,110efe8a264188c41b74dca2c1211247,-7
b2c59cbe723394436526560db23e6a93,8628c4223c91b8f171a7f25e9bbd866b,-3
b2c59cbe723394436526560db23e6a93,677378538fa929f6c5568cafa2914c83,6
b2c59cbe723394436526560db23e6a93,b88215f941a479097d996e4e6136d3d5,0
b2c59cbe723394436526560db23e6a93,fd8b5b53146b42edda07a15e27051bca,5
b2c59cbe723394436526560db23e6a93,fd3a01d2c35cb46d49e9b2fe6fefea69,6
b2c59cbe723394436526560db23e6a93,b1ae0bb44250b8cd2e080de545a6cd1b,-2
b2c59cbe723394436526560db23e6a93,5806209d46068008b4ccafa90dca6469,2
b2c59cbe723394436526560db23e6a93,c73b83c931b184e173ceb68b5ec6b66d,1
bd1f8947f5541c2fb22f6328a58f4fc6,17c5b4a9be5e0fa567d3d38ca65e4005,-10
bd1f8947f5541c2fb22f6328a58f4fc6,336ec76a9accfb5359ea7e69f2610947,23
bd1f8947f5541c2fb22f6328a58f4fc6,e5e2fb66fc3e8ee0edf076e60d343031,5
bd1f8947f5541c2fb22f6328a58f4fc6,d4777cb3468137b35f7e80b7434bec27,-6
bd1f8947f5541c2fb22f6328a58f4fc6,5f2d1b7a31eb9117654c9d056093bfa5,11
bd1f8947f5541c2fb22f6328a58f4fc6,bc77b0f38cb51b2cfe8552000e585cbf,1
bd1f8947f5541c2fb22f6328a58f4fc6,4596ed9dd04a94f6ad5e60ebda302350,-4
bd1f8947f5541c2fb22f6328a58f4fc6,1278107e4a5c3735de706159c381fd82,7
bd1f8947f5541c2fb22f6328a58f4fc6,0beb157ecf02b2c67048597bb3c514b5,-12
bd1f8947f5541c2fb22f6328a58f4fc6,b67e5a2e593be71fe871d7d511f0ab55,-1
bd1f8947f5541c2fb22f6328a58f4fc6,9075d598a348b290d9c426e41662e593,4
bd1f8947f5541c2fb22f6328a58f4fc6,110efe8a264188c41b74dca2c1211247,-12
bd1f8947f5541c2fb22f6328a58f4fc6,f74cedcf99a3aabc222398db7499bac1,-2
bd1f8947f5541c2fb22f6328a58f4fc6,3ac301867a2503f6aba31824dd7364db,-9
bd1f8947f5541c2fb22f6328a58f4fc6,2892cf3e89fc147144ccbd45a194d64a,9
bd1f8947f5541c2fb22f6328a58f4fc6,648cb1de466b2c196fcd360502c34458,8
bd1f8947f5541c2fb22f6328a58f4fc6,321fe275d1d66f05c5014fd97e870834,-2
bd1f8947f5541c2fb22f6328a58f4fc6,d7f2b465bbe159ecb83cb95d120df260,-1
bd1f8947f5541c2fb22f6328a58f4fc6,050e16220dddff68fc37eca695cee3b4,-2
bd1f8947f5541c2fb22f6328a58f4fc6,3a8bc5d57192fa6462a9b76f2eb06563,-7
be5f61a5354154b3d7cba7536f189e2f,b90945b4a95bfc10ffc239ec4eac211d,22
be5f61a5354154b3d7cba7536f189e2f,173f319db1edc802bf85ecff4a759d8c,-5
be5f61a5354154b3d7cba7536f189e2f,bb78908ffd321b2e0709b9b462786360,-8
be5f61a5354154b3d7cba7536f189e2f,c6a9f7baaf3b88105816cf658c0cf7e8,17
be5f61a5354154b3d7cba7536f189e2f,bd20bf656b42bc62dbff50057d2b229a,-3
be5f61a5354154b3d7cba7536f189e2f,6747ed60ebf43c90d3329c9d744662cb,-22
be5f61a5354154b3d7cba7536f189e2f,ff9ea417d5345bb5e4e6ec152ae2358f,-3
be5f61a5354154b3d7cba7536f189e2f,57ed4bb35e7cef3fc5f579bd119ceeca,6
be5f61a5354154b3d7cba7536f189e2f,70f7e0aad42e27aacb7490d349a4b233,1
be5f61a5354154b3d7cba7536f189e2f,4dda057700cc34ac57fede94ff8c0652,10
be5f61a5354154b3d7cba7536f189e2f,2f1121d01dbff3e3dd6f17841dd34120,-6
be5f61a5354154b3d7cba7536f189e2f,e2e8d3e46399c9cfcdd591a26e81cf5f,8
be5f61a5354154b3d7cba7536f189e2f,8744a467351282b52f1708ab0fac2e34,-2
be5f61a5354154b3d7cba7536f189e2f,cbc1063c3b1731493f5de7dcd822a193,0
be5f61a5354154b3d7cba7536f189e2f,efa17727bd73df9be0622d56ec5e7f15,-2
be5f61a5354154b3d7cba7536f189e2f,d39a4c1fa31258c322488a7329674adc,-13
be5f61a5354154b3d7cba7536f189e2f,4341f809d409ac17565852620cf80cbd,-11
be5f61a5354154b3d7cba7536f189e2f,35ca3467b0fbb6a737c25f3f4ca5b2a8,7
be5f61a5354154b3d7cba7536f189e2f,8855d25a0461a5ed487d0dbc7ad6c73b,8
be5f61a5354154b3d7cba7536f189e2f,89c04f26448f309cd55b487b0722bdad,8
be5f61a5354154b3d7cba7536f189e2f,011ffbd69cd25a2324c720b64f31712a,-7
be5f61a5354154b3d7cba7536f189e2f,e96dc78c444bead3a3e7d169f2fa6e07,-5
bfc4c8f688f511fb76f7fd82a3807f94,4eff0c7b3c32f68bfece327044b47b49,0
bfc4c8f688f511fb76f7fd82a3807f94,4a34b108d006b92660ec7593dde29e0d,15
bfc4c8f688f511fb76f7fd82a3807f94,5ff25817b04f08b02c9781970f1234c6,-5
bfc4c8f688f511fb76f7fd82a3807f94,27ea17a8685c4919f157e83fe9cb2d9e,0
bfc4c8f688f511fb76f7fd82a3807f94,30f38d775cff2a96532ccc7c5e48c48b,8
bfc4c8f688f511fb76f7fd82a3807f94,73cae0c04831cfb8dd47d5f41faf277f,14
bfc4c8f688f511fb76f7fd82a3807f94,52af793d0eeef92b05ce0d6b01cf2542,-3
bfc4c8f688f511fb76f7fd82a3807f94,57bbd7e30bc694aeee9ee40c583e6811,8
bfc4c8f688f511fb76f7fd82a3807f94,c00264c3114d23bac482e9de50fb7d28,-5
bfc4c8f688f511fb76f7fd82a3807f94,307beab25b1021a548b4a47550bc4b25,-16
bfc4c8f688f511fb76f7fd82a3807f94,0f02d616e027988803324c84e8951a0e,1
bfc4c8f688f511fb76f7fd82a3807f94,05c7b48e2ce68df138826699856fe6a5,-5
bfc4c8f688f511fb76f7fd82a3807f94,ad6a98bfd42a5a831a1a3401eaf96785,-8
bfc4c8f688f511fb76f7fd82a3807f94,59f29037d9dc9165fb360b9b3612d919,10
bfc4c8f688f511fb76f7fd82a3807f94,6a20279d61d8be94ea457bb5f6fe077a,-3
bfc4c8f688f511fb76f7fd82a3807f94,c1fe6ed491d04e3cdf50755dff23b263,-5
bfc4c8f688f511fb76f7fd82a3807f94,603daefb2fa321f3abab289805fdcc25,5
bfc4c8f688f511fb76f7fd82a3807f94,8bb18fb1d0cc10c985afa823ecec6d18,-1
bfc4c8f688f511fb76f7fd82a3807f94,dd5c21b550fa5e029f561a830763acbc,-9
bfc4c8f688f511fb76f7fd82a3807f94,60b5f9f68ccbbf7ba3fa13a2189e2775,-7
bfc4c8f688f511fb76f7fd82a3807f94,862015a22d1dd86103d865691dab92f0,6
bfc4c8f688f511fb76f7fd82a3807f94,50dd3829e418e0c92efe29566f288942,0
c005dbf89ef3fb55d6f0f0461ada5560,4d371dbb9d07b0a451e6a253244d3079,19
c005dbf89ef3fb55d6f0f0461ada5560,81bf6c77460a6f7219c623af50178de5,-3
c005dbf89ef3fb55d6f0f0461ada5560,3d6fa00462bffd51ce5cf6612ec9026a,2
c005dbf89ef3fb55d6f0f0461ada5560,f2e41e7ce25aff54b85ee5ab66f69187,-5
c005dbf89ef3fb55d6f0f0461ada5560,1e5a19729df6e4496686d9356be411ca,4
c005dbf89ef3fb55d6f0f0461ada5560,171fe637accecc29979e5408595de077,7
c005dbf89ef3fb55d6f0f0461ada5560,64434221db9ba319f8d13632f1c2ad32,-2
c005dbf89ef3fb55d6f0f0461ada5560,c2502dbdbdc5273bac8daa884e3ff63a,-19
c005dbf89ef3fb55d6f0f0461ada5560,1b335cd14d37addc486b357c3b58db27,-7
c005dbf89ef3fb55d6f0f0461ada5560,67f4ecb2bff373b7f14f59bdf87b47c6,-9
c005dbf89ef3fb55d6f0f0461ada5560,404f3be24b921150227c13f766e084cf,-4
c005dbf89ef3fb55d6f0f0461ada5560,b2ba11f9de4921e8eee910b7c9d5404f,-14
c005dbf89ef3fb55d6f0f0461ada5560,085beb037fb1e12196085f66c9761cd4,12
c005dbf89ef3fb55d6f0f0461ada5560,e546fc654970cfc01f73c0d73250e97b,7
c005dbf89ef3fb55d6f0f0461ada5560,007b0de63548bac45dfacc0870a4a537,3
c005dbf89ef3fb55d6f0f0461ada5560,100cf64c65b01e459c9fdda0f8b75061,14
c005dbf89ef3fb55d6f0f0461ada5560,a82c2c880ccf01c25e5ffa252551a612,13
c005dbf89ef3fb55d6f0f0461ada5560,9fa70948d1ad86af009ffad239f8a464,-7
c005dbf89ef3fb55d6f0f0461ada5560,ffaf641f9379f76a57f15bab1e788e6d,-7
c005dbf89ef3fb55d6f0f0461ada5560,508d962863dc09f49884cdd9a53d804a,-3
c005dbf89ef3fb55d6f0f0461ada5560,4c96537f405d4671d86876fd67f0762d,-1
c18a10de1375b1f12aa17ef6cc540102,83276e13d34f364faa3a24cecec245e1,19
c18a10de1375b1f12aa17ef6cc540102,17c5b4a9be5e0fa567d3d38ca65e4005,-12
c18a10de1375b1f12aa17ef6cc540102,461d33b042b3c349d69980f89e06f582,23
c18a10de1375b1f12aa17ef6cc540102,d4777cb3468137b35f7e80b7434bec27,-10
c18a10de1375b1f12aa17ef6cc540102,0c2d9d598f919d635d1f230ea475ef04,15
c18a10de1375b1f12aa17ef6cc540102,33f469a601417bebf0be722241d131e6,-11
c18a10de1375b1f12aa17ef6cc540102,0beb157ecf02b2c67048597bb3c514b5,-5
c18a10de1375b1f12aa17ef6cc540102,6de0ac647d194bdcfc0854c7ad51c44e,-13
c18a10de1375b1f12aa17ef6cc540102,7c1c2ad6f3088c952dffd0335bb3af9b,6
c18a10de1375b1f12aa17ef6cc540102,0468a7cae6489acd7294600e8bad8b32,11
c18a10de1375b1f12aa17ef6cc540102,e5e2fb66fc3e8ee0edf076e60d343031,9
c18a10de1375b1f12aa17ef6cc540102,d29058993b5746d37d0fd5348c5018e2,-19
c18a10de1375b1f12aa17ef6cc540102,c5a353e301078ea1cb4e8bc8fede12e9,-17
c18a10de1375b1f12aa17ef6cc540102,3637dae74ec0bcaa39275df5ef7bea71,-12
c18a10de1375b1f12aa17ef6cc540102,13742c470562ea186133c3a06e43d172,-7
c18a10de1375b1f12aa17ef6cc540102,e6d3fc584789b9b914791ec969a8d5a4,1
c18a10de1375b1f12aa17ef6cc540102,321fe275d1d66f05c5014fd97e870834,9
c18a10de1375b1f12aa17ef6cc540102,110efe8a264188c41b74dca2c1211247,7
c18a10de1375b1f12aa17ef6cc540102,d7f2b465bbe159ecb83cb95d120df260,6
cc638bdf25316add638154b45434aebd,91a259d73f01cc44ea00b70444bdac89,-15
cc638bdf25316add638154b45434aebd,71cd93e320cd2da78733d23dae3274a0,14
cc638bdf25316add638154b45434aebd,e2d5a38e5f826708c89f2f728eade916,35
cc638bdf25316add638154b45434aebd,8bea2707e7bf04c8a3d8188b87d92c0e,15
cc638bdf25316add638154b45434aebd,7021635e4c42453f92b82fe89cfffa35,-16
cc638bdf25316add638154b45434aebd,952cb62f00fbb58407f3a7cd89c3a7bf,4
cc638bdf25316add638154b45434aebd,1376b4800e5b2d50ce35a57827eadcfc,29
cc638bdf25316add638154b45434aebd,c493d9929037f011bcb3ff8a2e468c6a,-9
cc638bdf25316add638154b45434aebd,b07ed3ce0e4991320064795011f02d4d,-11
cc638bdf25316add638154b45434aebd,38165bacb00c27108cc23681972ee9ab,-8
cc638bdf25316add638154b45434aebd,293f2b24a7c44b0d65cd9ac09b680ffc,-10
cc638bdf25316add638154b45434aebd,1e76e7a4a5b6d17e67172710d86b6b51,4
cc638bdf25316add638154b45434aebd,d1af6080bd4b6a794ba3595dab2b1fb8,-4
cc638bdf25316add638154b45434aebd,b248b1d9caa41a3562d67584c1a0b399,8
cc638bdf25316add638154b45434aebd,6b08fc64c8d282c36e800d28eb278027,24
cc638bdf25316add638154b45434aebd,9cdb7fcbb36cb039e63ea8074df32a81,-19
cc638bdf25316add638154b45434aebd,b2e677220105e6d33b08f102109ae232,-9
cc638bdf25316add638154b45434aebd,53e6c98d995191bfb806c5a7cf93db05,-7
cc638bdf25316add638154b45434aebd,4b095e823bb1b4857a50d41a511930d4,-3
cc638bdf25316add638154b45434aebd,84a4a3c70c57b7d570baca43b5423ba3,2
cc638bdf25316add638154b45434aebd,38f5dec297d58ecae62c8a9549004520,6
cc638bdf25316add638154b45434aebd,14629670f976c0320bd2085956d073e1,6
cc638bdf25316add638154b45434aebd,7438349cba4a3154e331f38cfbb2dd5e,-12
cc638bdf25316add638154b45434aebd,d2a15fd08b7e2fce833c736710c3fd5e,-12
cc638bdf25316add638154b45434aebd,00d19f69501c09d98507b48ceff105e6,-12
d0c6985ffc5f03ba09393699467a580a,45e7a758a91a254ff04756562e740f2d,-8
d0c6985ffc5f03ba09393699467a580a,c4072556336827a70c8a0298bc658b5b,-9
d0c6985ffc5f03ba09393699467a580a,2b313e2bcef0268bc8e9415132ba9997,13
d0c6985ffc5f03ba09393699467a580a,011ffbd69cd25a2324c720b64f31712a,12
d0c6985ffc5f03ba09393699467a580a,5234e98b6206eb09c43f8cf19ae9d6ef,9
d0c6985ffc5f03ba09393699467a580a,021dabc5d7a1404ec8ad34fe8ca4b5e3,-4
d0c6985ffc5f03ba09393699467a580a,ac0e388f8e54b5a360b572302b933639,-18
d0c6985ffc5f03ba09393699467a580a,f79a2b5e6190ac3c534645e806f1b611,-2
d0c6985ffc5f03ba09393699467a580a,1362d9ad805e7cc4ea3a9467c91142d6,-10
d0c6985ffc5f03ba09393699467a580a,c721802743c4dd0a6d0fbdc0ccb8d196,-3
d0c6985ffc5f03ba09393699467a580a,6bf40f9c2b640febc71d1393fb24d894,-1
d0c6985ffc5f03ba09393699467a580a,a99f44bbff39e352191a870e17f04537,-3
d0c6985ffc5f03ba09393699467a580a,2db991f86a08c6e83cf5d916da7b16d7,-9
d0c6985ffc5f03ba09393699467a580a,7afc3cf0c2557f13e927da9ab03725dc,16
d0c6985ffc5f03ba09393699467a580a,091e956c671f029caa455f13ef42c4c2,-13
d0c6985ffc5f03ba09393699467a580a,f4e77e1d9313c8f7274d0ca3ef38ed3d,9
d0c6985ffc5f03ba09393699467a580a,bc6bc2e33f8e12c3632ba3cbf67200d1,2
d0c6985ffc5f03ba09393699467a580a,4f4e47023263931e1445dc97f7dae941,12
d0c6985ffc5f03ba09393699467a580a,5779f715384a05dc9cea4ddf21ab564c,12
d0c6985ffc5f03ba09393699467a580a,be9b1397bcb9fb9104edd23670988cda,-5
d3a00898abc790fd5643d05f996f05f6,008c7fb331f92d216799d21a9104231a,9
d3a00898abc790fd5643d05f996f05f6,825e2645d764579a9917c71844043eba,-11
d3a00898abc790fd5643d05f996f05f6,ea16528886a6058e0d8133e78bec598e,-8
d3a00898abc790fd5643d05f996f05f6,07695ef9feebc6ba02831f0f3c22662a,11
d3a00898abc790fd5643d05f996f05f6,c17f6e6b83ccc768962046f1af1372a5,13
d3a00898abc790fd5643d05f996f05f6,0d4f00ab57bedad897a0aecf8dfa692f,1
d3a00898abc790fd5643d05f996f05f6,c6e0c30c8c02b0706682ec89eb6fc565,10
d3a00898abc790fd5643d05f996f05f6,54585b803d43739f9a55ac96da873fbf,-6
d3a00898abc790fd5643d05f996f05f6,0a4bdcb73ac21ffeb164386d44212f45,9
d3a00898abc790fd5643d05f996f05f6,cbd8848dea8700073ef1dbb218821339,-4
d3a00898abc790fd5643d05f996f05f6,30ffeac1e06740482da5c4f0dd3454ad,4
d3a00898abc790fd5643d05f996f05f6,a41e691698563706342ff5eca9e22bf1,-1
d3a00898abc790fd5643d05f996f05f6,f974c6b5a65a034a866cd58014d6fbe3,2
d3a00898abc790fd5643d05f996f05f6,25f9b9aedb2a8c72079ebd39a3ff4c8c,8
d3a00898abc790fd5643d05f996f05f6,377f464a91323a8e2c5486ce2cb4c153,-6
d3a00898abc790fd5643d05f996f05f6,068cc724c0bdf4a9fc56d2eb2d88fb0f,-12
d3a00898abc790fd5643d05f996f05f6,0a7bab1764e8696f355e018c6fd0e8b7,-2
d3a00898abc790fd5643d05f996f05f6,7d2101502c53723c2aaf2a8e5f150d97,-9
d3a00898abc790fd5643d05f996f05f6,479986fc12b02040302f3d2b2a903e53,-8
d9eb042455c8f36574d3a52e678a8916,f2e41e7ce25aff54b85ee5ab66f69187,-5
d9eb042455c8f36574d3a52e678a8916,9b85cb9662c0d65b722d77aea12f3f13,-14
d9eb042455c8f36574d3a52e678a8916,4c96537f405d4671d86876fd67f0762d,-20
d9eb042455c8f36574d3a52e678a8916,3ac301867a2503f6aba31824dd7364db,10
d9eb042455c8f36574d3a52e678a8916,c2502dbdbdc5273bac8daa884e3ff63a,-7
d9eb042455c8f36574d3a52e678a8916,1b335cd14d37addc486b357c3b58db27,3
d9eb042455c8f36574d3a52e678a8916,b67e5a2e593be71fe871d7d511f0ab55,9
d9eb042455c8f36574d3a52e678a8916,b1ae0bb44250b8cd2e080de545a6cd1b,19
d9eb042455c8f36574d3a52e678a8916,321fe275d1d66f05c5014fd97e870834,0
d9eb042455c8f36574d3a52e678a8916,d7f2b465bbe159ecb83cb95d120df260,3
d9eb042455c8f36574d3a52e678a8916,9fa70948d1ad86af009ffad239f8a464,0
d9eb042455c8f36574d3a52e678a8916,007b0de63548bac45dfacc0870a4a537,8
d9eb042455c8f36574d3a52e678a8916,110efe8a264188c41b74dca2c1211247,-7
d9eb042455c8f36574d3a52e678a8916,67f4ecb2bff373b7f14f59bdf87b47c6,6
d9eb042455c8f36574d3a52e678a8916,c9c7a2ee43d9e8b1dd0c6eb6f9be7022,-4
d9eb042455c8f36574d3a52e678a8916,9dfb640c64a314da8e0fd9993fea7c8f,5
d9eb042455c8f36574d3a52e678a8916,508d962863dc09f49884cdd9a53d804a,2
d9eb042455c8f36574d3a52e678a8916,404f3be24b921150227c13f766e084cf,2
d9eb042455c8f36574d3a52e678a8916,12f2718c657784e4b5f766789d3df3bf,-3
d9eb042455c8f36574d3a52e678a8916,063e48c00d94d39401fac3f94276ce6a,-7
dadcdbe527d9d72f8b0907796f7559cb,59f29037d9dc9165fb360b9b3612d919,-9
dadcdbe527d9d72f8b0907796f7559cb,4eff0c7b3c32f68bfece327044b47b49,8
dadcdbe527d9d72f8b0907796f7559cb,2f04dbbabeefc1447ca06ae228d8b42c,-2
dadcdbe527d9d72f8b0907796f7559cb,4a34b108d006b92660ec7593dde29e0d,7
dadcdbe527d9d72f8b0907796f7559cb,93cccaa284535f9bef1dbce1d6adfb34,-4
dadcdbe527d9d72f8b0907796f7559cb,30f38d775cff2a96532ccc7c5e48c48b,7
dadcdbe527d9d72f8b0907796f7559cb,b0b5fb4a9b857c0cf63b80c1893bfef4,-8
dadcdbe527d9d72f8b0907796f7559cb,73cae0c04831cfb8dd47d5f41faf277f,-2
dadcdbe527d9d72f8b0907796f7559cb,522a32a0442e32bce9aba28ac7ba327b,4
dadcdbe527d9d72f8b0907796f7559cb,039bd19014e6cfcf867f442aa412ad6a,6
dadcdbe527d9d72f8b0907796f7559cb,ad6a98bfd42a5a831a1a3401eaf96785,-2
dadcdbe527d9d72f8b0907796f7559cb,0f02d616e027988803324c84e8951a0e,-2
dadcdbe527d9d72f8b0907796f7559cb,53502b8d547e58de75cb1622f66cae09,10
dadcdbe527d9d72f8b0907796f7559cb,466ef3d80ec02640eeecea72e08ad8c6,-6
dadcdbe527d9d72f8b0907796f7559cb,d3e3ae70ac393f24335f922cdeec1b1a,-8
dadcdbe527d9d72f8b0907796f7559cb,05c7b48e2ce68df138826699856fe6a5,8
dadcdbe527d9d72f8b0907796f7559cb,36d0e99d34dfb110a853cd2892065234,5
dadcdbe527d9d72f8b0907796f7559cb,cdb159e491966787f661d65f4d997fe8,-11
dadcdbe527d9d72f8b0907796f7559cb,aa062d0d43fb0f311e962c085e1fb744,5
dadcdbe527d9d72f8b0907796f7559cb,16f7d070421f93ae177d8adf1bc0edf2,-5
dadcdbe527d9d72f8b0907796f7559cb,4d64187a5343a51197a799982a97d173,-1
dc9261160f28c7e28ffe11e9724aa2b3,5e6c9c4441186264607c60fcc533574c,13
dc9261160f28c7e28ffe11e9724aa2b3,3b532bdaf4b8e53a39e49771a8339720,-20
dc9261160f28c7e28ffe11e9724aa2b3,317a4d61e1dd679f93b3628f3e35e0d0,12
dc9261160f28c7e28ffe11e9724aa2b3,2f47647508381809be04b091b6ca7784,14
dc9261160f28c7e28ffe11e9724aa2b3,5cfae6b3803440cb1d87ceead6aad4eb,23
dc9261160f28c7e28ffe11e9724aa2b3,978f65d65974dcaaea595daaa1b35a2a,26
dc9261160f28c7e28ffe11e9724aa2b3,875a3f8821cc8b53f87e446230015c62,-19
dc9261160f28c7e28ffe11e9724aa2b3,54393360fa8811223b580041b2792de8,-14
dc9261160f28c7e28ffe11e9724aa2b3,83944f9dd3038c23ba3bfedebce2519e,-23
dc9261160f28c7e28ffe11e9724aa2b3,2eeada608e233557df90216a902fbc98,-20
dc9261160f28c7e28ffe11e9724aa2b3,f8e9b9ba10fcf68af334471084df15c9,-22
dc9261160f28c7e28ffe11e9724aa2b3,377f464a91323a8e2c5486ce2cb4c153,-31
dc9261160f28c7e28ffe11e9724aa2b3,249de90677348e56e1f8c68e67edd04f,17
dc9261160f28c7e28ffe11e9724aa2b3,92dcab554aa5587162253437a4e485c6,20
dc9261160f28c7e28ffe11e9724aa2b3,d39fd16f0b287a447787404fedf12983,-26
dc9261160f28c7e28ffe11e9724aa2b3,efccee5aa58785e3778eb8d773dfa791,-20
dc9261160f28c7e28ffe11e9724aa2b3,4121c3bfb44f9d3a3151b212f31e7e04,16
dc9261160f28c7e28ffe11e9724aa2b3,74830bfa36f9e2005b3b6beb635e80f5,15
dc9261160f28c7e28ffe11e9724aa2b3,ffaf641f9379f76a57f15bab1e788e6d,10
dc9261160f28c7e28ffe11e9724aa2b3,24724aa699e58a03806f85980aa6e7c0,10
dc9261160f28c7e28ffe11e9724aa2b3,928d7057f3a2b03d6e1574c5a55d0a54,10
dc9261160f28c7e28ffe11e9724aa2b3,b2ba11f9de4921e8eee910b7c9d5404f,9
dd4d15aab3b091546f9bf65b7f562f26,db86ba65d6046f9384355934073a2b9d,9
dd4d15aab3b091546f9bf65b7f562f26,1010437803b67e17a67a8966294555a7,-8
dd4d15aab3b091546f9bf65b7f562f26,b288a5a2a8615f37ae77f3ce71f061e8,13
dd4d15aab3b091546f9bf65b7f562f26,e43aba9ca924c29b2a41feb7d3c8bc5b,5
dd4d15aab3b091546f9bf65b7f562f26,852c9de6c917694981f071bc5eb58326,21
dd4d15aab3b091546f9bf65b7f562f26,cc2c9a0eec200fae9bebb80d56d93b8c,4
dd4d15aab3b091546f9bf65b7f562f26,472dc36ed0d28b2fd318d15bbd292320,-9
dd4d15aab3b091546f9bf65b7f562f26,907b36dd80d1411453e94bc61e2ca9a3,-13
dd4d15aab3b091546f9bf65b7f562f26,515b44596849db9f6f2b360c576398fc,15
dd4d15aab3b091546f9bf65b7f562f26,fa5ca757de7c6c5ec97900bcabbc146e,-12
dd4d15aab3b091546f9bf65b7f562f26,86221f74b2afc0d40da3005ce1479d4b,-12
dd4d15aab3b091546f9bf65b7f562f26,0a7ae25da315e35e903233b4bb2252da,-18
dd4d15aab3b091546f9bf65b7f562f26,59d0622b78201a399694cd27d235f863,-6
dd4d15aab3b091546f9bf65b7f562f26,7367a4fcf2f4af747576b5dcb9ffdd77,6
dd4d15aab3b091546f9bf65b7f562f26,6c15237c89ddcd2fd17c120149e033e9,-6
dd4d15aab3b091546f9bf65b7f562f26,a30c2c75d6a204ed450a2c423c11d362,6
dd4d15aab3b091546f9bf65b7f562f26,b177b26c374aefaddfc0895c08bf1ea7,-20
dd4d15aab3b091546f9bf65b7f562f26,0b9f9787580f7ca0dbba7a0eb39b1c4d,15
dd4d15aab3b091546f9bf65b7f562f26,f5250354772b45edb362cd3d5286b6e0,12
dd4d15aab3b091546f9bf65b7f562f26,3d9bcb1390d5efea6bbce4aac0952178,-2
ded7de5f5252e901151b00938ce580c1,3b532bdaf4b8e53a39e49771a8339720,-13
ded7de5f5252e901151b00938ce580c1,285f819d294e245977e8bf12b2be4765,-5
ded7de5f5252e901151b00938ce580c1,6e21954485044405e05c6384c99d23e3,-6
ded7de5f5252e901151b00938ce580c1,fe1871734c4c4601acf113acb94da1b7,5
ded7de5f5252e901151b00938ce580c1,417afba21d2c399474c48fa0d4993de2,10
ded7de5f5252e901151b00938ce580c1,34c349ba8477c94eb0a7545b439c9bd3,18
ded7de5f5252e901151b00938ce580c1,36b6d1374b888ef311eb59e4b7368f78,15
ded7de5f5252e901151b00938ce580c1,6de0ac647d194bdcfc0854c7ad51c44e,5
ded7de5f5252e901151b00938ce580c1,83944f9dd3038c23ba3bfedebce2519e,-1
ded7de5f5252e901151b00938ce580c1,2eeada608e233557df90216a902fbc98,-8
ded7de5f5252e901151b00938ce580c1,2f1ef4c0eab0128f3a2622ddf85cf201,-9
ded7de5f5252e901151b00938ce580c1,54393360fa8811223b580041b2792de8,-8
ded7de5f5252e901151b00938ce580c1,46f88362b82eee93adfda97ce7caa4ab,2
ded7de5f5252e901151b00938ce580c1,f8e9b9ba10fcf68af334471084df15c9,-8
ded7de5f5252e901151b00938ce580c1,66b04e3d18df11c48839db5bd1597c02,4
ded7de5f5252e901151b00938ce580c1,de8c14a823090b1f97fbb15ce28fd078,3
ded7de5f5252e901151b00938ce580c1,7ad27aab65cc1ce38a8720efe685e24f,-1
ded7de5f5252e901151b00938ce580c1,7fece8953398ce9739a0d9bfc7b4a0e6,-13
ded7de5f5252e901151b00938ce580c1,8fdab3e3f9022d0fadca93e4cd59cddc,9
ded7de5f5252e901151b00938ce580c1,676ca52cf152e1691e774f02d61f6e35,4
ded7de5f5252e901151b00938ce580c1,efccee5aa58785e3778eb8d773dfa791,-3
e26fa57f2c5e83edc21e3f97b55cbecd,336ec76a9accfb5359ea7e69f2610947,-11
e26fa57f2c5e83edc21e3f97b55cbecd,867712e1cdfd8b15d083f3be2af4bc0f,-9
e26fa57f2c5e83edc21e3f97b55cbecd,5f2d1b7a31eb9117654c9d056093bfa5,-13
e26fa57f2c5e83edc21e3f97b55cbecd,9a07071107374d4c6a0292b80396c99c,1
e26fa57f2c5e83edc21e3f97b55cbecd,bc77b0f38cb51b2cfe8552000e585cbf,-5
e26fa57f2c5e83edc21e3f97b55cbecd,4596ed9dd04a94f6ad5e60ebda302350,-5
e26fa57f2c5e83edc21e3f97b55cbecd,fe1871734c4c4601acf113acb94da1b7,17
e26fa57f2c5e83edc21e3f97b55cbecd,34c349ba8477c94eb0a7545b439c9bd3,14
e26fa57f2c5e83edc21e3f97b55cbecd,3ac301867a2503f6aba31824dd7364db,6
e26fa57f2c5e83edc21e3f97b55cbecd,36b6d1374b888ef311eb59e4b7368f78,0
e26fa57f2c5e83edc21e3f97b55cbecd,050e16220dddff68fc37eca695cee3b4,-22
e26fa57f2c5e83edc21e3f97b55cbecd,3a7ac3ab38d3261d8c162d52a7f4e644,-8
e26fa57f2c5e83edc21e3f97b55cbecd,46f88362b82eee93adfda97ce7caa4ab,19
e26fa57f2c5e83edc21e3f97b55cbecd,963242c7a25ba9a70b245f482e960e75,-9
e26fa57f2c5e83edc21e3f97b55cbecd,7ad27aab65cc1ce38a8720efe685e24f,17
e26fa57f2c5e83edc21e3f97b55cbecd,417afba21d2c399474c48fa0d4993de2,12
e26fa57f2c5e83edc21e3f97b55cbecd,8fdab3e3f9022d0fadca93e4cd59cddc,11
e26fa57f2c5e83edc21e3f97b55cbecd,36f020989d86eefe270ab346e6f80e4e,-11
e26fa57f2c5e83edc21e3f97b55cbecd,9075d598a348b290d9c426e41662e593,2
e26fa57f2c5e83edc21e3f97b55cbecd,2892cf3e89fc147144ccbd45a194d64a,2
e26fa57f2c5e83edc21e3f97b55cbecd,2faa88bc657b3dbf4aeeb2f3eb7a1e23,2
e26fa57f2c5e83edc21e3f97b55cbecd,648cb1de466b2c196fcd360502c34458,2
e26fa57f2c5e83edc21e3f97b55cbecd,676ca52cf152e1691e774f02d61f6e35,-7
e26fa57f2c5e83edc21e3f97b55cbecd,de8c14a823090b1f97fbb15ce28fd078,-5
e3ca2e93a38f7497b6f476c86f5b2136,6336b73a02925ee68f635cdf2a5101f1,-6
e3ca2e93a38f7497b6f476c86f5b2136,881f83d2dee3f18c7d1751659406144e,0
e3ca2e93a38f7497b6f476c86f5b2136,762b12c3cb57fad4b882040b3293fa31,14
e3ca2e93a38f7497b6f476c86f5b2136,7e0fe3d0e532a5786e2eec9b5d1bedc6,-7
e3ca2e93a38f7497b6f476c86f5b2136,394e78a51b6d2fd3c046f11f49fcab57,22
e3ca2e93a38f7497b6f476c86f5b2136,1a8dfc8c85278dd28ed7985e40fc6018,13
e3ca2e93a38f7497b6f476c86f5b2136,d8e4f0fd2e836518e681c99a3f9e4411,15
e3ca2e93a38f7497b6f476c86f5b2136,646b0273682c1592a938bbfb21332ded,13
e3ca2e93a38f7497b6f476c86f5b2136,dcb6b241fcbbd838bc3437c8e1fc4ccb,-4
e3ca2e93a38f7497b6f476c86f5b2136,e8f08c4244cbc01674a2c6f7c10117ae,-6
e3ca2e93a38f7497b6f476c86f5b2136,74f677b5efa87503eead993dfa30ca27,-17
e3ca2e93a38f7497b6f476c86f5b2136,ba5861d8e221e712fc92aebfe00a4782,-15
e3ca2e93a38f7497b6f476c86f5b2136,9e0ccb212abed9880097869dbfb903c5,-15
e3ca2e93a38f7497b6f476c86f5b2136,1c73194e0fa711701298e4a27b046bab,5
e3ca2e93a38f7497b6f476c86f5b2136,73be785a9fbca2eff767fbce1c398d66,-8
e3ca2e93a38f7497b6f476c86f5b2136,83ec3271b8078785b0055a1f7817068f,-12
e3ca2e93a38f7497b6f476c86f5b2136,1532445b96ca1edd411bfae064b189bb,-1
e3ca2e93a38f7497b6f476c86f5b2136,e211885d70d20be63797249090882c53,2
e3ca2e93a38f7497b6f476c86f5b2136,85b8db431f11d51d5def87fc58229be4,7
e44e31fefaa028c1e9df1a71d4aff555,2b8bdfc64f41d1adefabcf7e0667a618,10
e44e31fefaa028c1e9df1a71d4aff555,5ff25817b04f08b02c9781970f1234c6,-13
e44e31fefaa028c1e9df1a71d4aff555,17651fd844ca9177694e0fe8e13ade03,19
e44e31fefaa028c1e9df1a71d4aff555,387d067091bd3a9264576ddb74759f5f,21
e44e31fefaa028c1e9df1a71d4aff555,5fe2b12999c5b4a17dba17cb76b0cfbc,11
e44e31fefaa028c1e9df1a71d4aff555,57bbd7e30bc694aeee9ee40c583e6811,-30
e44e31fefaa028c1e9df1a71d4aff555,c00264c3114d23bac482e9de50fb7d28,-33
e44e31fefaa028c1e9df1a71d4aff555,f5f1164263044fc2ee91242daa221045,18
e44e31fefaa028c1e9df1a71d4aff555,307beab25b1021a548b4a47550bc4b25,2
e44e31fefaa028c1e9df1a71d4aff555,60b5f9f68ccbbf7ba3fa13a2189e2775,5
e44e31fefaa028c1e9df1a71d4aff555,43a74f78a8e39c7fb0ad193fb24f52ba,-8
e44e31fefaa028c1e9df1a71d4aff555,e6d3fc584789b9b914791ec969a8d5a4,-24
e44e31fefaa028c1e9df1a71d4aff555,e688b1a601a44fb2ac79c58bf6c89e8b,-1
e44e31fefaa028c1e9df1a71d4aff555,a60cb266e26f960c075b6694022baae6,-7
e44e31fefaa028c1e9df1a71d4aff555,603daefb2fa321f3abab289805fdcc25,8
e44e31fefaa028c1e9df1a71d4aff555,8bb18fb1d0cc10c985afa823ecec6d18,19
e44e31fefaa028c1e9df1a71d4aff555,dd5c21b550fa5e029f561a830763acbc,10
e44e31fefaa028c1e9df1a71d4aff555,52c2b7c1bc3d4104de29f896fc644871,14
e44e31fefaa028c1e9df1a71d4aff555,b73aad6e3aa709f60c19344e876acc10,-6
e44e31fefaa028c1e9df1a71d4aff555,1f2bef6aac30136c2f03004656efa3c0,-5
e44e31fefaa028c1e9df1a71d4aff555,ab1aaee5e4a6d0121e58866080be4ca8,-5
e44e31fefaa028c1e9df1a71d4aff555,67871d34cda8ae6037909c357510928c,-5
f0332f91eb943b64b39ef28daf6639c5,93cccaa284535f9bef1dbce1d6adfb34,-5
f0332f91eb943b64b39ef28daf6639c5,466ef3d80ec02640eeecea72e08ad8c6,-1
f0332f91eb943b64b39ef28daf6639c5,adcd53acc9f5585db4c510745b2bac89,8
f0332f91eb943b64b39ef28daf6639c5,9d4117dd37b6a8592a711ef940b82de4,-1
f0332f91eb943b64b39ef28daf6639c5,58f273dbbf002f0ec411fc247e07dd0a,-9
f0332f91eb943b64b39ef28daf6639c5,522a32a0442e32bce9aba28ac7ba327b,-12
f0332f91eb943b64b39ef28daf6639c5,9f0ee42268a2542d7fd028fe79184286,0
f0332f91eb943b64b39ef28daf6639c5,039bd19014e6cfcf867f442aa412ad6a,7
f0332f91eb943b64b39ef28daf6639c5,1cd0599b37f77c2be76a2c6df23d1ba8,-2
f0332f91eb943b64b39ef28daf6639c5,16f7d070421f93ae177d8adf1bc0edf2,-5
f0332f91eb943b64b39ef28daf6639c5,eaa6c5d9e964e04fa05b4db476fb46f0,6
f0332f91eb943b64b39ef28daf6639c5,d3e3ae70ac393f24335f922cdeec1b1a,7
f0332f91eb943b64b39ef28daf6639c5,f285f13f0c036a88bd85535e47e88aef,-16
f0332f91eb943b64b39ef28daf6639c5,a555fb30be57b11cdfbffa3654ba9f83,14
f0332f91eb943b64b39ef28daf6639c5,2f04dbbabeefc1447ca06ae228d8b42c,12
f0332f91eb943b64b39ef28daf6639c5,aa062d0d43fb0f311e962c085e1fb744,6
f0332f91eb943b64b39ef28daf6639c5,62a21c6589a18649d9d4c8a651a829ce,-6
f0332f91eb943b64b39ef28daf6639c5,28ce9a11a56397b259299fdd9710dab5,0
f0332f91eb943b64b39ef28daf6639c5,cdb159e491966787f661d65f4d997fe8,-3
f0332f91eb943b64b39ef28daf6639c5,8b1f1c4a8f9f63c436dd736e77b0e9e8,0
f385e8caae86b6cb58ed3241c1278ce3,59f29037d9dc9165fb360b9b3612d919,11
f385e8caae86b6cb58ed3241c1278ce3,4eff0c7b3c32f68bfece327044b47b49,23
f385e8caae86b6cb58ed3241c1278ce3,4a34b108d006b92660ec7593dde29e0d,35
f385e8caae86b6cb58ed3241c1278ce3,db86ba65d6046f9384355934073a2b9d,-30
f385e8caae86b6cb58ed3241c1278ce3,dfc487cf688d18f2a848bbf05e7a9f47,-30
f385e8caae86b6cb58ed3241c1278ce3,b288a5a2a8615f37ae77f3ce71f061e8,-20
f385e8caae86b6cb58ed3241c1278ce3,30f38d775cff2a96532ccc7c5e48c48b,17
f385e8caae86b6cb58ed3241c1278ce3,cc2c9a0eec200fae9bebb80d56d93b8c,-18
f385e8caae86b6cb58ed3241c1278ce3,73cae0c04831cfb8dd47d5f41faf277f,38
f385e8caae86b6cb58ed3241c1278ce3,6c15237c89ddcd2fd17c120149e033e9,-17
f385e8caae86b6cb58ed3241c1278ce3,59d0622b78201a399694cd27d235f863,-11
f385e8caae86b6cb58ed3241c1278ce3,36d0e99d34dfb110a853cd2892065234,7
f385e8caae86b6cb58ed3241c1278ce3,ad6a98bfd42a5a831a1a3401eaf96785,-6
f385e8caae86b6cb58ed3241c1278ce3,0a7ae25da315e35e903233b4bb2252da,2
f385e8caae86b6cb58ed3241c1278ce3,0f02d616e027988803324c84e8951a0e,11
f385e8caae86b6cb58ed3241c1278ce3,b177b26c374aefaddfc0895c08bf1ea7,-4
f385e8caae86b6cb58ed3241c1278ce3,05c7b48e2ce68df138826699856fe6a5,-2
f385e8caae86b6cb58ed3241c1278ce3,66c0552461f4db5611a978058e90b8b4,-10
f385e8caae86b6cb58ed3241c1278ce3,52af793d0eeef92b05ce0d6b01cf2542,22
f385e8caae86b6cb58ed3241c1278ce3,53502b8d547e58de75cb1622f66cae09,-6
f385e8caae86b6cb58ed3241c1278ce3,515b44596849db9f6f2b360c576398fc,4
f385e8caae86b6cb58ed3241c1278ce3,862015a22d1dd86103d865691dab92f0,-6
f385e8caae86b6cb58ed3241c1278ce3,6a20279d61d8be94ea457bb5f6fe077a,-4
f385e8caae86b6cb58ed3241c1278ce3,3d9bcb1390d5efea6bbce4aac0952178,-4
f385e8caae86b6cb58ed3241c1278ce3,12d1d91e35cddf4defdd250392f4f2e5,-2
fdeb2950c4d5209d449ebd2d6afac11e,4d371dbb9d07b0a451e6a253244d3079,6
fdeb2950c4d5209d449ebd2d6afac11e,e5e2fb66fc3e8ee0edf076e60d343031,-21
fdeb2950c4d5209d449ebd2d6afac11e,d4777cb3468137b35f7e80b7434bec27,2
fdeb2950c4d5209d449ebd2d6afac11e,e546fc654970cfc01f73c0d73250e97b,-2
fdeb2950c4d5209d449ebd2d6afac11e,1e5a19729df6e4496686d9356be411ca,1
fdeb2950c4d5209d449ebd2d6afac11e,171fe637accecc29979e5408595de077,-2
fdeb2950c4d5209d449ebd2d6afac11e,100cf64c65b01e459c9fdda0f8b75061,-1
fdeb2950c4d5209d449ebd2d6afac11e,0beb157ecf02b2c67048597bb3c514b5,0
fdeb2950c4d5209d449ebd2d6afac11e,b67e5a2e593be71fe871d7d511f0ab55,-18
fdeb2950c4d5209d449ebd2d6afac11e,78b2c63af827b482d7e3ffa096f4fbd2,2
fdeb2950c4d5209d449ebd2d6afac11e,110efe8a264188c41b74dca2c1211247,10
fdeb2950c4d5209d449ebd2d6afac11e,6becc2cf336cee342d817b90d632ae14,6
fdeb2950c4d5209d449ebd2d6afac11e,3d6fa00462bffd51ce5cf6612ec9026a,2
fdeb2950c4d5209d449ebd2d6afac11e,17c5b4a9be5e0fa567d3d38ca65e4005,-14
fdeb2950c4d5209d449ebd2d6afac11e,6de0ac647d194bdcfc0854c7ad51c44e,6
fdeb2950c4d5209d449ebd2d6afac11e,a82c2c880ccf01c25e5ffa252551a612,8
fdeb2950c4d5209d449ebd2d6afac11e,f74cedcf99a3aabc222398db7499bac1,-7
fdeb2950c4d5209d449ebd2d6afac11e,a60cb266e26f960c075b6694022baae6,14
fdeb2950c4d5209d449ebd2d6afac11e,321fe275d1d66f05c5014fd97e870834,-5
fdeb2950c4d5209d449ebd2d6afac11e,5b82a306c99fa6afb74114ad40c19c94,3
fdeb2950c4d5209d449ebd2d6afac11e,b1ae0bb44250b8cd2e080de545a6cd1b,5
fdeb2950c4d5209d449ebd2d6afac11e,d7f2b465bbe159ecb83cb95d120df260,5
